"","experiment","fam_or_test","subject_num","block_num","test_type","fam_duration","animal","LT","exclude","age","sex"
"1","A","test",1,1,"fam","0",1,25.377,FALSE,312,"F"
"2","A","test",1,3,"fam","0",10,12.482,FALSE,312,"F"
"3","A","fam",1,2,"fam","4",4,20,FALSE,312,"F"
"4","A","test",1,2,"fam","4",4,40.1521,FALSE,312,"F"
"5","A","fam",1,4,"nov","4",8,20,FALSE,312,"F"
"6","A","test",1,4,"nov","4",7,9.134,FALSE,312,"F"
"7","A","fam",1,5,"nov","8",11,23.943,FALSE,312,"F"
"8","A","test",1,5,"nov","8",12,8.51820000000001,FALSE,312,"F"
"9","A","fam",1,6,"fam","8",5,22.723,FALSE,312,"F"
"10","A","test",1,6,"fam","8",5,-8.07259999999998,TRUE,312,"F"
"11","A","test",2,3,"fam","0",5,8.99000000000001,FALSE,316,"F"
"12","A","test",2,5,"fam","0",1,2.418,FALSE,316,"F"
"13","A","fam",2,1,"fam","4",12,20,FALSE,316,"F"
"14","A","test",2,1,"fam","4",12,28.1011,FALSE,316,"F"
"15","A","fam",2,2,"nov","4",9,18.28,FALSE,316,"F"
"16","A","test",2,2,"nov","4",10,21.6371,FALSE,316,"F"
"17","A","fam",2,4,"fam","8",4,34.72,FALSE,316,"F"
"18","A","test",2,4,"fam","8",4,5.70709999999998,FALSE,316,"F"
"19","A","fam",2,6,"nov","8",8,6.33900000000001,FALSE,316,"F"
"20","A","test",2,6,"nov","8",7,8.53550000000001,FALSE,316,"F"
"21","A","test",3,5,"fam","0",11,10.148,FALSE,316,"F"
"22","A","test",3,6,"fam","0",2,18.7936,FALSE,316,"F"
"23","A","fam",3,1,"nov","4",6,18.96,FALSE,316,"F"
"24","A","test",3,1,"nov","4",5,21.0792,FALSE,316,"F"
"25","A","fam",3,3,"fam","4",7,18.559,FALSE,316,"F"
"26","A","test",3,3,"fam","4",7,15.3697,FALSE,316,"F"
"27","A","fam",3,2,"fam","8",10,38.2,FALSE,316,"F"
"28","A","test",3,2,"fam","8",10,11.2524,FALSE,316,"F"
"29","A","fam",3,4,"nov","8",3,37.92,FALSE,316,"F"
"30","A","test",3,4,"nov","8",4,13.5712,FALSE,316,"F"
"31","A","test",5,2,"fam","0",11,0.06,TRUE,275," M"
"32","A","test",5,4,"fam","0",10,27.9529,FALSE,275," M"
"33","A","fam",5,5,"nov","4",3,11.665,FALSE,275," M"
"34","A","test",5,5,"nov","4",4,4.025,FALSE,275," M"
"35","A","fam",5,6,"fam","4",5,13.96,FALSE,275," M"
"36","A","test",5,6,"fam","4",5,1.522,TRUE,275," M"
"37","A","fam",5,1,"nov","8",8,40,TRUE,275," M"
"38","A","test",5,1,"nov","8",7,-39.94,TRUE,275," M"
"39","A","fam",5,3,"fam","8",2,40,FALSE,275," M"
"40","A","test",5,3,"fam","8",2,13.118,FALSE,275," M"
"41","A","test",6,2,"fam","0",9,23.3107,FALSE,275,"F"
"42","A","test",6,4,"fam","0",4,8.03,FALSE,275,"F"
"43","A","fam",6,5,"nov","4",12,3.44,FALSE,275,"F"
"44","A","test",6,5,"nov","4",11,-2.95570000000001,TRUE,275,"F"
"45","A","fam",6,6,"fam","4",1,9,FALSE,275,"F"
"46","A","test",6,6,"fam","4",1,1.646,TRUE,275,"F"
"47","A","fam",6,1,"nov","8",8,35.24,FALSE,275,"F"
"48","A","test",6,1,"nov","8",7,44.2478,FALSE,275,"F"
"49","A","fam",6,3,"fam","8",5,39.48,FALSE,275,"F"
"50","A","test",6,3,"fam","8",5,6.39,FALSE,275,"F"
"51","A","test",7,2,"fam","0",1,23.6762,FALSE,320,"M"
"52","A","test",7,4,"fam","0",10,7.359,FALSE,320,"M"
"53","A","fam",7,5,"nov","4",11,15.36,FALSE,320,"M"
"54","A","test",7,5,"nov","4",12,9.44459999999998,FALSE,320,"M"
"55","A","fam",7,6,"fam","4",7,8.329,FALSE,320,"M"
"56","A","test",7,6,"fam","4",7,10.3107,FALSE,320,"M"
"57","A","fam",7,1,"nov","8",6,38,FALSE,320,"M"
"58","A","test",7,1,"nov","8",5,18.0645,FALSE,320,"M"
"59","A","fam",7,3,"fam","8",4,23.63,FALSE,320,"M"
"60","A","test",7,3,"fam","8",4,4.0356,FALSE,320,"M"
"61","A","test",8,1,"fam","0",5,35.418,FALSE,273,"M"
"62","A","test",8,2,"fam","0",1,24.8166000000239,FALSE,273,"M"
"63","A","fam",8,4,"fam","4",12,18.68,FALSE,273,"M"
"64","A","test",8,4,"fam","4",12,32.3438999999762,FALSE,273,"M"
"65","A","fam",8,6,"nov","4",8,10.421,FALSE,273,"M"
"66","A","test",8,6,"nov","4",7,13.5763999999762,FALSE,273,"M"
"67","A","fam",8,3,"nov","8",9,31.36,FALSE,273,"M"
"68","A","test",8,3,"nov","8",10,36.0282999999523,FALSE,273,"M"
"69","A","fam",8,5,"fam","8",4,35.52,FALSE,273,"M"
"70","A","test",8,5,"fam","8",4,42.9038000000715,FALSE,273,"M"
"71","A","test",9,1,"fam","0",9,9.23000000000001,FALSE,283,"M"
"72","A","test",9,3,"fam","0",12,11.0238000000716,FALSE,283,"M"
"73","A","fam",9,2,"fam","4",8,16.48,FALSE,283,"M"
"74","A","test",9,2,"fam","4",8,8.47920000004766,FALSE,283,"M"
"75","A","fam",9,4,"nov","4",6,14.88,FALSE,283,"M"
"76","A","test",9,4,"nov","4",5,10.439,FALSE,283,"M"
"77","A","fam",9,5,"nov","8",3,20.724,FALSE,283,"M"
"78","A","test",9,5,"nov","8",4,4.40989999997616,FALSE,283,"M"
"79","A","fam",9,6,"fam","8",1,27.8,FALSE,283,"M"
"80","A","test",9,6,"fam","8",1,4.58810000002384,FALSE,283,"M"
"81","A","test",10,3,"fam","0",2,18.1576000000238,FALSE,323,"M"
"82","A","test",10,5,"fam","0",11,7.80819999992854,TRUE,323,"M"
"83","A","fam",10,1,"fam","4",6,18.4,FALSE,323,"M"
"84","A","test",10,1,"fam","4",6,11.8637000000477,FALSE,323,"M"
"85","A","fam",10,2,"nov","4",8,19.36,TRUE,323,"M"
"86","A","test",10,2,"nov","4",7,18.0473000000716,FALSE,323,"M"
"87","A","fam",10,4,"fam","8",3,8.039,TRUE,323,"M"
"88","A","test",10,4,"fam","8",3,-4.06219999992853,TRUE,323,"M"
"89","A","fam",10,6,"nov","8",9,22.28,TRUE,323,"M"
"90","A","test",10,6,"nov","8",10,-9.443,TRUE,323,"M"
"91","A","test",11,5,"fam","0",12,16.978,FALSE,274,"F"
"92","A","test",11,6,"fam","0",1,29.3997999999523,FALSE,274,"F"
"93","A","fam",11,1,"nov","4",4,9.75,FALSE,274,"F"
"94","A","test",11,1,"nov","4",3,31.1823999999761,FALSE,274,"F"
"95","A","fam",11,3,"fam","4",7,18.001,FALSE,274,"F"
"96","A","test",11,3,"fam","4",7,-19.94,TRUE,274,"F"
"97","A","fam",11,2,"fam","8",9,38.24,FALSE,274,"F"
"98","A","test",11,2,"fam","8",9,17.2389000000953,FALSE,274,"F"
"99","A","fam",11,4,"nov","8",6,31.28,FALSE,274,"F"
"100","A","test",11,4,"nov","8",5,24.9791000000238,FALSE,274,"F"
"101","A","test",12,1,"fam","0",1,5.99,FALSE,322,"F"
"102","A","test",12,2,"fam","0",6,34.5711999998093,FALSE,322,"F"
"103","A","fam",12,4,"fam","4",8,8.926,FALSE,322,"F"
"104","A","test",12,4,"fam","4",8,7.74159999990469,FALSE,322,"F"
"105","A","fam",12,6,"nov","4",9,14.558,FALSE,322,"F"
"106","A","test",12,6,"nov","4",10,18.798,FALSE,322,"F"
"107","A","fam",12,3,"nov","8",11,21.216,FALSE,322,"F"
"108","A","test",12,3,"nov","8",12,0.296000000000001,TRUE,322,"F"
"109","A","fam",12,5,"fam","8",4,14.033,FALSE,322,"F"
"110","A","test",12,5,"fam","8",4,23.3727000000477,FALSE,322,"F"
"111","A","test",13,5,"fam","0",12,7.356,TRUE,236,"F"
"112","A","test",13,6,"fam","0",7,2.241,TRUE,236,"F"
"113","A","fam",13,1,"nov","4",6,20,TRUE,236,"F"
"114","A","test",13,1,"nov","4",5,8.54509999999404,TRUE,236,"F"
"115","A","fam",13,3,"fam","4",3,3.719,TRUE,236,"F"
"116","A","test",13,3,"fam","4",3,-19.94,TRUE,236,"F"
"117","A","fam",13,2,"fam","8",1,13.054,TRUE,236,"F"
"118","A","test",13,2,"fam","8",1,3.454,TRUE,236,"F"
"119","A","fam",13,4,"nov","8",10,19.558,TRUE,236,"F"
"120","A","test",13,4,"nov","8",9,4.798,TRUE,236,"F"
"121","A","test",14,4,"fam","0",10,17.293,FALSE,296,"M"
"122","A","test",14,6,"fam","0",1,7.352,FALSE,296,"M"
"123","A","fam",14,3,"nov","4",5,16.069,FALSE,296,"M"
"124","A","test",14,3,"nov","4",6,6.789,FALSE,296,"M"
"125","A","fam",14,5,"fam","4",8,16.56,FALSE,296,"M"
"126","A","test",14,5,"fam","4",8,2.55859999999963,FALSE,296,"M"
"127","A","fam",14,1,"fam","8",12,40,FALSE,296,"M"
"128","A","test",14,1,"fam","8",12,9.35279999999891,FALSE,296,"M"
"129","A","fam",14,2,"nov","8",3,37.56,FALSE,296,"M"
"130","A","test",14,2,"nov","8",4,25.01,FALSE,296,"M"
"131","A","test",15,5,"fam","0",7,0.06,TRUE,323,"M"
"132","A","test",15,6,"fam","0",4,8.75500000000001,FALSE,323,"M"
"133","A","fam",15,1,"nov","4",1,2.03,TRUE,323,"M"
"134","A","test",15,1,"nov","4",2,10.15,TRUE,323,"M"
"135","A","fam",15,3,"fam","4",9,7.923,TRUE,323,"M"
"136","A","test",15,3,"fam","4",9,13.843,TRUE,323,"M"
"137","A","fam",15,2,"fam","8",6,20.913,TRUE,323,"M"
"138","A","test",15,2,"fam","8",6,4.593,TRUE,323,"M"
"139","A","fam",15,4,"nov","8",12,19.21,TRUE,323,"M"
"140","A","test",15,4,"nov","8",11,-39.94,TRUE,323,"M"
"141","A","test",16,3,"fam","0",3,0.06,TRUE,254,"F"
"142","A","test",16,5,"fam","0",6,26.267,FALSE,254,"F"
"143","A","fam",16,1,"fam","4",11,19.4,FALSE,254,"F"
"144","A","test",16,1,"fam","4",11,35.1980999999941,FALSE,254,"F"
"145","A","fam",16,2,"nov","4",10,19.64,FALSE,254,"F"
"146","A","test",16,2,"nov","4",9,3.313,FALSE,254,"F"
"147","A","fam",16,4,"fam","8",8,6.82000000000001,FALSE,254,"F"
"148","A","test",16,4,"fam","8",8,28.776700000003,FALSE,254,"F"
"149","A","fam",16,6,"nov","8",1,39.72,FALSE,254,"F"
"150","A","test",16,6,"nov","8",2,31.455799999997,FALSE,254,"F"
"151","A","test",17,1,"fam","0",10,45.7703000000119,FALSE,334,"F"
"152","A","test",17,2,"fam","0",6,20.506099999994,FALSE,334,"F"
"153","A","fam",17,4,"fam","4",4,16.76,FALSE,334,"F"
"154","A","test",17,4,"fam","4",4,21.09,FALSE,334,"F"
"155","A","fam",17,6,"nov","4",7,18.04,FALSE,334,"F"
"156","A","test",17,6,"nov","4",8,22.6763000000119,FALSE,334,"F"
"157","A","fam",17,3,"nov","8",1,27.58,FALSE,334,"F"
"158","A","test",17,3,"nov","8",2,13.9,FALSE,334,"F"
"159","A","fam",17,5,"fam","8",11,1.766,TRUE,334,"F"
"160","A","test",17,5,"fam","8",11,8.44350000000001,FALSE,334,"F"
"161","A","test",18,4,"fam","0",4,18.305,FALSE,274,"M"
"162","A","test",18,6,"fam","0",12,11.452,FALSE,274,"M"
"163","A","fam",18,3,"nov","4",5,18.64,FALSE,274,"M"
"164","A","test",18,3,"nov","4",6,23.6786999999881,FALSE,274,"M"
"165","A","fam",18,5,"fam","4",7,19.48,FALSE,274,"M"
"166","A","test",18,5,"fam","4",7,47.704900000006,FALSE,274,"M"
"167","A","fam",18,1,"fam","8",10,36.52,FALSE,274,"M"
"168","A","test",18,1,"fam","8",10,20.849400000006,FALSE,274,"M"
"169","A","fam",18,2,"nov","8",1,9.726,FALSE,274,"M"
"170","A","test",18,2,"nov","8",2,15.727,FALSE,274,"M"
"171","A","test",19,4,"fam","0",8,1.223,TRUE,336,"F"
"172","A","test",19,6,"fam","0",5,4.9995,FALSE,336,"F"
"173","A","fam",19,3,"nov","4",10,18.92,FALSE,336,"F"
"174","A","test",19,3,"nov","4",9,13.854,FALSE,336,"F"
"175","A","fam",19,5,"fam","4",1,9.33900000000001,FALSE,336,"F"
"176","A","test",19,5,"fam","4",1,0.299000000000003,TRUE,336,"F"
"177","A","fam",19,1,"fam","8",4,29.88,FALSE,336,"F"
"178","A","test",19,1,"fam","8",4,11.11,FALSE,336,"F"
"179","A","fam",19,2,"nov","8",11,2.007,FALSE,336,"F"
"180","A","test",19,2,"nov","8",12,8.727,FALSE,336,"F"
"181","A","test",20,3,"fam","0",3,14.029,FALSE,310,"M"
"182","A","test",20,5,"fam","0",10,22.4426999999881,FALSE,310,"M"
"183","A","fam",20,1,"fam","4",7,20,FALSE,310,"M"
"184","A","test",20,1,"fam","4",7,27.87,FALSE,310,"M"
"185","A","fam",20,2,"nov","4",6,19.64,FALSE,310,"M"
"186","A","test",20,2,"nov","4",5,27.689,FALSE,310,"M"
"187","A","fam",20,4,"fam","8",11,34.599,FALSE,310,"M"
"188","A","test",20,4,"fam","8",11,10.689,FALSE,310,"M"
"189","A","fam",20,6,"nov","8",2,34,FALSE,310,"M"
"190","A","test",20,6,"nov","8",1,11.4033999999762,FALSE,310,"M"
"191","A","test",21,1,"fam","0",2,15.15,FALSE,308,"F"
"192","A","test",21,2,"fam","0",6,29.3875,TRUE,308,"F"
"193","A","fam",21,4,"fam","4",11,8.138,FALSE,308,"F"
"194","A","test",21,4,"fam","4",11,22.0967,FALSE,308,"F"
"195","A","fam",21,6,"nov","4",3,9.60000000000001,FALSE,308,"F"
"196","A","test",21,6,"nov","4",4,16.7296,FALSE,308,"F"
"197","A","fam",21,3,"nov","8",7,29.065,FALSE,308,"F"
"198","A","test",21,3,"nov","8",8,17.345,FALSE,308,"F"
"199","A","fam",21,5,"fam","8",10,29.68,FALSE,308,"F"
"200","A","test",21,5,"fam","8",10,3.84170000000007,FALSE,308,"F"
"201","A","test",22,1,"fam","0",9,25.0531,FALSE,213,"F"
"202","A","test",22,2,"fam","0",1,19.733,FALSE,213,"F"
"203","A","fam",22,4,"fam","4",8,18.52,FALSE,213,"F"
"204","A","test",22,4,"fam","4",8,46.5473,FALSE,213,"F"
"205","A","fam",22,6,"nov","4",12,16.119,FALSE,213,"F"
"206","A","test",22,6,"nov","4",11,20.6594,FALSE,213,"F"
"207","A","fam",22,3,"nov","8",4,37.72,FALSE,213,"F"
"208","A","test",22,3,"nov","8",3,-39.94,TRUE,213,"F"
"209","A","fam",22,5,"fam","8",5,39.36,TRUE,213,"F"
"210","A","test",22,5,"fam","8",5,38.7282,TRUE,213,"F"
"211","A","test",23,1,"fam","0",5,20.3943999999985,FALSE,218,"M"
"212","A","test",23,3,"fam","0",11,27.996299999997,FALSE,218,"M"
"213","A","fam",23,2,"fam","4",8,0.146000000000001,TRUE,218,"M"
"214","A","test",23,2,"fam","4",8,14.9798000000045,FALSE,218,"M"
"215","A","fam",23,4,"nov","4",10,13.88,FALSE,218,"M"
"216","A","test",23,4,"nov","4",9,5.44600000000001,FALSE,218,"M"
"217","A","fam",23,5,"nov","8",3,7.767,FALSE,218,"M"
"218","A","test",23,5,"nov","8",4,6.90970000000298,FALSE,218,"M"
"219","A","fam",23,6,"fam","8",2,5.891,FALSE,218,"M"
"220","A","test",23,6,"fam","8",2,6.11739999999851,FALSE,218,"M"
"221","A","test",24,5,"fam","0",1,12.014,FALSE,222,"M"
"222","A","test",24,6,"fam","0",10,10.742400000006,FALSE,222,"M"
"223","A","fam",24,1,"nov","4",5,18.64,FALSE,222,"M"
"224","A","test",24,1,"nov","4",6,23.564299999997,FALSE,222,"M"
"225","A","fam",24,3,"fam","4",7,11.041,FALSE,222,"M"
"226","A","test",24,3,"fam","4",7,3.721,FALSE,222,"M"
"227","A","fam",24,2,"fam","8",4,20.083,FALSE,222,"M"
"228","A","test",24,2,"fam","8",4,3.763,FALSE,222,"M"
"229","A","fam",24,4,"nov","8",12,34.4,FALSE,222,"M"
"230","A","test",24,4,"nov","8",11,17.568400000006,FALSE,222,"M"
"231","A","test",25,4,"fam","0",1,6.43200000000004,TRUE,329,"M"
"232","A","test",25,6,"fam","0",8,7.67589999999114,FALSE,329,"M"
"233","A","fam",25,3,"nov","4",5,15.64,FALSE,329,"M"
"234","A","test",25,3,"nov","4",6,3.96400000000001,FALSE,329,"M"
"235","A","fam",25,5,"fam","4",9,14.68,FALSE,329,"M"
"236","A","test",25,5,"fam","4",9,1.814,TRUE,329,"M"
"237","A","fam",25,1,"fam","8",12,26.6800000000001,FALSE,329,"M"
"238","A","test",25,1,"fam","8",12,6.15,FALSE,329,"M"
"239","A","fam",25,2,"nov","8",4,11.315,FALSE,329,"M"
"240","A","test",25,2,"nov","8",3,0.515000000000001,TRUE,329,"M"
"241","A","test",26,1,"fam","0",8,1.62289999999106,TRUE,336,"M"
"242","A","test",26,3,"fam","0",1,15.486,FALSE,336,"M"
"243","A","fam",26,2,"fam","4",12,15.12,FALSE,336,"M"
"244","A","test",26,2,"fam","4",12,32.0745,FALSE,336,"M"
"245","A","fam",26,4,"nov","4",5,15.68,FALSE,336,"M"
"246","A","test",26,4,"nov","4",6,-19.94,TRUE,336,"M"
"247","A","fam",26,5,"nov","8",10,36.8,FALSE,336,"M"
"248","A","test",26,5,"nov","8",9,12.804400000006,FALSE,336,"M"
"249","A","fam",26,6,"fam","8",3,24.08,FALSE,336,"M"
"250","A","test",26,6,"fam","8",3,6.02909999999404,FALSE,336,"M"
"251","A","test",27,3,"fam","0",1,6.686,TRUE,242,"F"
"252","A","test",27,5,"fam","0",12,1.85,TRUE,242,"F"
"253","A","fam",27,1,"fam","4",10,19.12,TRUE,242,"F"
"254","A","test",27,1,"fam","4",10,14.912,TRUE,242,"F"
"255","A","fam",27,2,"nov","4",3,17.56,TRUE,242,"F"
"256","A","test",27,2,"nov","4",4,8.74000000000002,TRUE,242,"F"
"257","A","fam",27,4,"fam","8",5,30.32,TRUE,242,"F"
"258","A","test",27,4,"fam","8",5,13.486599999994,TRUE,242,"F"
"259","A","fam",27,6,"nov","8",8,23.76,TRUE,242,"F"
"260","A","test",27,6,"nov","8",7,9.36359999999404,TRUE,242,"F"
"261","A","test",28,2,"fam","0",12,12.745,FALSE,295,"F"
"262","A","test",28,4,"fam","0",4,0.06,TRUE,295,"F"
"263","A","fam",28,5,"nov","4",6,20,FALSE,295,"F"
"264","A","test",28,5,"nov","4",5,28.782599999994,FALSE,295,"F"
"265","A","fam",28,6,"fam","4",1,20,FALSE,295,"F"
"266","A","test",28,6,"fam","4",1,16.625400000006,FALSE,295,"F"
"267","A","fam",28,1,"nov","8",9,40,FALSE,295,"F"
"268","A","test",28,1,"nov","8",10,-39.94,TRUE,295,"F"
"269","A","fam",28,3,"fam","8",7,40,FALSE,295,"F"
"270","A","test",28,3,"fam","8",7,8.22419999998808,FALSE,295,"F"
"271","A","test",29,5,"fam","0",11,28.009,FALSE,230,"F"
"272","A","test",29,6,"fam","0",1,5.773,FALSE,230,"F"
"273","A","fam",29,1,"nov","4",4,18,FALSE,230,"F"
"274","A","test",29,1,"nov","4",3,3.27,FALSE,230,"F"
"275","A","fam",29,3,"fam","4",6,3.781,FALSE,230,"F"
"276","A","test",29,3,"fam","4",6,9.261,FALSE,230,"F"
"277","A","fam",29,2,"fam","8",9,36.36,FALSE,230,"F"
"278","A","test",29,2,"fam","8",9,2.26599999999999,FALSE,230,"F"
"279","A","fam",29,4,"nov","8",8,3.436,FALSE,230,"F"
"280","A","test",29,4,"nov","8",7,27.5847,FALSE,230,"F"
"281","A","test",30,1,"fam","0",12,0.06,TRUE,329,"M"
"282","A","test",30,3,"fam","0",3,0.06,TRUE,329,"M"
"283","A","fam",30,2,"fam","4",6,19.92,FALSE,329,"M"
"284","A","test",30,2,"fam","4",6,-19.94,TRUE,329,"M"
"285","A","fam",30,4,"nov","4",9,19.16,FALSE,329,"M"
"286","A","test",30,4,"nov","4",10,-19.94,TRUE,329,"M"
"287","A","fam",30,5,"nov","8",7,33.16,FALSE,329,"M"
"288","A","test",30,5,"nov","8",8,-39.94,TRUE,329,"M"
"289","A","fam",30,6,"fam","8",2,37.92,FALSE,329,"M"
"290","A","test",30,6,"fam","8",2,10.113,FALSE,329,"M"
"291","A","test",31,4,"fam","0",3,4.799,FALSE,214,"M"
"292","A","test",31,6,"fam","0",1,1.91,TRUE,214,"M"
"293","A","fam",31,3,"nov","4",6,3.6,FALSE,214,"M"
"294","A","test",31,3,"nov","4",5,1.24,TRUE,214,"M"
"295","A","fam",31,5,"fam","4",10,6.61400000000001,FALSE,214,"M"
"296","A","test",31,5,"fam","4",10,6.125,FALSE,214,"M"
"297","A","fam",31,1,"fam","8",11,3.95,FALSE,214,"M"
"298","A","test",31,1,"fam","8",11,-39.94,TRUE,214,"M"
"299","A","fam",31,2,"nov","8",8,0.411000000000001,TRUE,214,"M"
"300","A","test",31,2,"nov","8",7,-39.94,TRUE,214,"M"
"301","A","test",32,3,"fam","0",12,30.3108999999761,FALSE,220,"F"
"302","A","test",32,5,"fam","0",3,30.0945,FALSE,220,"F"
"303","A","fam",32,1,"fam","4",8,20,FALSE,220,"F"
"304","A","test",32,1,"fam","4",8,10.2595,FALSE,220,"F"
"305","A","fam",32,2,"nov","4",5,19.08,FALSE,220,"F"
"306","A","test",32,2,"nov","4",6,23.5005,FALSE,220,"F"
"307","A","fam",32,4,"fam","8",2,37.039,FALSE,220,"F"
"308","A","test",32,4,"fam","8",2,9.11070000004768,FALSE,220,"F"
"309","A","fam",32,6,"nov","8",9,35.88,FALSE,220,"F"
"310","A","test",32,6,"nov","8",10,9.18340000003576,FALSE,220,"F"
"311","B","fam",1,1,"nov","1",6,4.2,FALSE,264,"F"
"312","B","test",1,1,"nov","1",5,32.6011999999993,FALSE,264,"F"
"313","B","fam",1,3,"fam","3",9,12.2,FALSE,264,"F"
"314","B","test",1,3,"fam","3",9,7.809,FALSE,264,"F"
"315","B","fam",1,5,"nov","3",12,6.31600000000001,FALSE,264,"F"
"316","B","test",1,5,"nov","3",11,-6.10259999999963,TRUE,264,"F"
"317","B","fam",1,2,"nov","9",8,21.6,FALSE,264,"F"
"318","B","test",1,2,"nov","9",7,26.529,FALSE,264,"F"
"319","B","fam",1,4,"fam","9",3,32.9600000000001,FALSE,264,"F"
"320","B","test",1,4,"fam","9",3,4.72200000000001,FALSE,264,"F"
"321","B","fam",2,2,"fam","1",3,0.151,TRUE,330,"F"
"322","B","test",2,2,"fam","1",3,8.551,FALSE,330,"F"
"323","B","fam",2,1,"fam","3",10,14.92,FALSE,330,"F"
"324","B","test",2,1,"fam","3",10,3.27810000000149,FALSE,330,"F"
"325","B","fam",2,3,"nov","3",7,6.86,FALSE,330,"F"
"326","B","test",2,3,"nov","3",8,5.58,FALSE,330,"F"
"327","B","fam",2,4,"nov","9",6,14.247,FALSE,330,"F"
"328","B","test",2,4,"nov","9",5,10.967,FALSE,330,"F"
"329","B","fam",2,5,"fam","9",12,37.92,FALSE,330,"F"
"330","B","test",2,5,"fam","9",12,10.246,FALSE,330,"F"
"331","B","fam",3,2,"fam","1",5,5,FALSE,316,"M"
"332","B","test",3,2,"fam","1",5,0.06,TRUE,316,"M"
"333","B","fam",3,1,"fam","3",7,14.2,FALSE,316,"M"
"334","B","test",3,1,"fam","3",7,48.5922999999998,FALSE,316,"M"
"335","B","fam",3,3,"nov","3",3,15,FALSE,316,"M"
"336","B","test",3,3,"nov","3",4,45.5693999999999,FALSE,316,"M"
"337","B","fam",3,4,"nov","9",12,36.84,FALSE,316,"M"
"338","B","test",3,4,"nov","9",11,5.551,FALSE,316,"M"
"339","B","fam",3,5,"fam","9",10,41.2,FALSE,316,"M"
"340","B","test",3,5,"fam","9",10,5.581,FALSE,316,"M"
"341","B","fam",4,2,"nov","1",7,5,FALSE,333,"F"
"342","B","test",4,2,"nov","1",8,36.62,FALSE,333,"F"
"343","B","fam",4,4,"fam","1",11,5,FALSE,333,"F"
"344","B","test",4,4,"fam","1",11,25.214,FALSE,333,"F"
"345","B","fam",4,1,"nov","3",6,14.48,FALSE,333,"F"
"346","B","test",4,1,"nov","3",5,-19.94,TRUE,333,"F"
"347","B","fam",4,3,"fam","9",10,43.8,FALSE,333,"F"
"348","B","test",4,3,"fam","9",10,23.48,FALSE,333,"F"
"349","B","fam",4,5,"nov","9",3,40.44,FALSE,333,"F"
"350","B","test",4,5,"nov","9",4,12.799,FALSE,333,"F"
"351","B","fam",5,4,"nov","1",9,4.12,FALSE,226,"M"
"352","B","test",5,4,"nov","1",10,9.6155,FALSE,226,"M"
"353","B","fam",5,5,"fam","1",1,3.72,FALSE,226,"M"
"354","B","test",5,5,"fam","1",1,2.869,FALSE,226,"M"
"355","B","fam",5,2,"fam","3",3,15,FALSE,226,"M"
"356","B","test",5,2,"fam","3",3,2.626,FALSE,226,"M"
"357","B","fam",5,1,"fam","9",6,35.47,FALSE,226,"M"
"358","B","test",5,1,"fam","9",6,1.47,TRUE,226,"M"
"359","B","fam",5,3,"nov","9",8,32.92,FALSE,226,"M"
"360","B","test",5,3,"nov","9",7,8.344,FALSE,226,"M"
"361","B","fam",6,3,"fam","1",10,5,FALSE,278,"F"
"362","B","test",6,3,"fam","1",10,31.4405,FALSE,278,"F"
"363","B","fam",6,5,"nov","1",7,5,FALSE,278,"F"
"364","B","test",6,5,"nov","1",8,30.7197000000179,FALSE,278,"F"
"365","B","fam",6,2,"nov","3",6,14.12,FALSE,278,"F"
"366","B","test",6,2,"nov","3",5,42.3628000000119,FALSE,278,"F"
"367","B","fam",6,4,"fam","3",3,14.92,FALSE,278,"F"
"368","B","test",6,4,"fam","3",3,6.922,FALSE,278,"F"
"369","B","fam",6,1,"nov","9",12,41.76,FALSE,278,"F"
"370","B","test",6,1,"nov","9",11,-39.94,TRUE,278,"F"
"371","B","fam",7,2,"fam","1",9,4.16,FALSE,292,"F"
"372","B","test",7,2,"fam","1",9,1.979,TRUE,292,"F"
"373","B","fam",7,4,"nov","1",3,5,FALSE,292,"F"
"374","B","test",7,4,"nov","1",4,8.30700000000001,FALSE,292,"F"
"375","B","fam",7,5,"nov","3",8,15,FALSE,292,"F"
"376","B","test",7,5,"nov","3",7,18.761,FALSE,292,"F"
"377","B","fam",7,6,"fam","3",1,13.24,FALSE,292,"F"
"378","B","test",7,6,"fam","3",1,7.60540000000602,FALSE,292,"F"
"379","B","fam",7,1,"nov","9",6,10.07,FALSE,292,"F"
"380","B","test",7,1,"nov","9",5,10.75,FALSE,292,"F"
"381","B","fam",7,3,"fam","9",12,6.05300000000001,FALSE,292,"F"
"382","B","test",7,3,"fam","9",12,5.06,FALSE,292,"F"
"383","B","fam",8,1,"fam","1",10,5,FALSE,240,"F"
"384","B","test",8,1,"fam","1",10,24.7420999999643,FALSE,240,"F"
"385","B","fam",8,2,"nov","1",4,5,FALSE,240,"F"
"386","B","test",8,2,"nov","1",3,28.89,FALSE,240,"F"
"387","B","fam",8,4,"fam","3",8,14.92,FALSE,240,"F"
"388","B","test",8,4,"fam","3",8,5.74930000001192,FALSE,240,"F"
"389","B","fam",8,6,"nov","3",11,2.891,FALSE,240,"F"
"390","B","test",8,6,"nov","3",12,3.70109999996412,FALSE,240,"F"
"391","B","fam",8,3,"nov","9",1,20.058,FALSE,240,"F"
"392","B","test",8,3,"nov","9",2,6.21800000000001,FALSE,240,"F"
"393","B","fam",8,5,"fam","9",5,4.013,FALSE,240,"F"
"394","B","test",8,5,"fam","9",5,6.36909999996412,FALSE,240,"F"
"395","B","fam",9,1,"nov","1",6,5,FALSE,218,"F"
"396","B","test",9,1,"nov","1",5,16.91,FALSE,218,"F"
"397","B","fam",9,3,"fam","1",7,5,FALSE,218,"F"
"398","B","test",9,3,"fam","1",7,10.052,FALSE,218,"F"
"399","B","fam",9,2,"fam","3",4,14.44,FALSE,218,"F"
"400","B","test",9,2,"fam","3",4,1.477,TRUE,218,"F"
"401","B","fam",9,4,"nov","3",2,3.434,FALSE,218,"F"
"402","B","test",9,4,"nov","3",1,10.1693000000119,FALSE,218,"F"
"403","B","fam",9,5,"nov","9",9,2.574,FALSE,218,"F"
"404","B","test",9,5,"nov","9",10,19.4270999999641,FALSE,218,"F"
"405","B","fam",9,6,"fam","9",11,45,FALSE,218,"F"
"406","B","test",9,6,"fam","9",11,11.9845,FALSE,218,"F"
"407","B","fam",10,3,"nov","1",12,4.441,TRUE,239,"F"
"408","B","test",10,3,"nov","1",11,21.224,FALSE,239,"F"
"409","B","fam",10,5,"fam","1",4,5,TRUE,239,"F"
"410","B","test",10,5,"fam","1",4,2.884,FALSE,239,"F"
"411","B","fam",10,1,"fam","3",1,14.56,FALSE,239,"F"
"412","B","test",10,1,"fam","3",1,43.1225999999643,FALSE,239,"F"
"413","B","fam",10,2,"nov","3",5,15,FALSE,239,"F"
"414","B","test",10,2,"nov","3",6,11.123,FALSE,239,"F"
"415","B","fam",10,4,"fam","9",9,12.145,FALSE,239,"F"
"416","B","test",10,4,"fam","9",9,3.18500000000001,FALSE,239,"F"
"417","B","fam",10,6,"nov","9",8,30.56,FALSE,239,"F"
"418","B","test",10,6,"nov","9",7,9.26730000001187,FALSE,239,"F"
"419","B","fam",11,5,"nov","1",9,5,FALSE,262,"F"
"420","B","test",11,5,"nov","1",10,19.3008999999762,FALSE,262,"F"
"421","B","fam",11,6,"fam","1",2,5,FALSE,262,"F"
"422","B","test",11,6,"fam","1",2,14.4601000000238,FALSE,262,"F"
"423","B","fam",11,1,"nov","3",7,12.56,FALSE,262,"F"
"424","B","test",11,1,"nov","3",8,13.586,TRUE,262,"F"
"425","B","fam",11,3,"fam","3",5,15,FALSE,262,"F"
"426","B","test",11,3,"fam","3",5,11.0415,FALSE,262,"F"
"427","B","fam",11,2,"fam","9",4,45,FALSE,262,"F"
"428","B","test",11,2,"fam","9",4,11.6920999999643,FALSE,262,"F"
"429","B","fam",11,4,"nov","9",12,45,FALSE,262,"F"
"430","B","test",11,4,"nov","9",11,24.5027999999523,FALSE,262,"F"
"431","B","fam",12,5,"nov","1",5,5,FALSE,242,"M"
"432","B","test",12,5,"nov","1",6,11.477,FALSE,242,"M"
"433","B","fam",12,6,"fam","1",1,4.76,FALSE,242,"M"
"434","B","test",12,6,"fam","1",1,26.6543000000119,FALSE,242,"M"
"435","B","fam",12,1,"nov","3",10,14.76,FALSE,242,"M"
"436","B","test",12,1,"nov","3",9,10.8438999999762,FALSE,242,"M"
"437","B","fam",12,3,"fam","3",7,13.84,FALSE,242,"M"
"438","B","test",12,3,"fam","3",7,13.1158999999761,FALSE,242,"M"
"439","B","fam",12,2,"fam","9",4,23.671,FALSE,242,"M"
"440","B","test",12,2,"fam","9",4,0.0309999999999988,TRUE,242,"M"
"441","B","fam",12,4,"nov","9",12,3.886,FALSE,242,"M"
"442","B","test",12,4,"nov","9",11,10.7978000000119,FALSE,242,"M"
"443","B","fam",13,3,"nov","1",1,0.125,TRUE,301,"M"
"444","B","test",13,3,"nov","1",2,2.24500000000001,FALSE,301,"M"
"445","B","fam",13,5,"fam","1",5,0.887,TRUE,301,"M"
"446","B","test",13,5,"fam","1",5,0.367000000000001,TRUE,301,"M"
"447","B","fam",13,1,"fam","3",10,4.55,FALSE,301,"M"
"448","B","test",13,1,"fam","3",10,2.50830000001194,FALSE,301,"M"
"449","B","fam",13,2,"nov","3",4,6.481,FALSE,301,"M"
"450","B","test",13,2,"nov","3",3,0.744,TRUE,301,"M"
"451","B","fam",13,4,"fam","9",8,0.204999999999998,TRUE,301,"M"
"452","B","test",13,4,"fam","9",8,5.125,FALSE,301,"M"
"453","B","fam",13,6,"nov","9",11,4.962,FALSE,301,"M"
"454","B","test",13,6,"nov","9",12,1.162,TRUE,301,"M"
"455","B","fam",14,1,"fam","1",12,5,TRUE,279,"M"
"456","B","test",14,1,"fam","1",12,2.51000000000001,TRUE,279,"M"
"457","B","fam",14,2,"nov","1",4,3.72,TRUE,279,"M"
"458","B","test",14,2,"nov","1",3,2.598,TRUE,279,"M"
"459","B","fam",14,4,"fam","3",10,3.749,TRUE,279,"M"
"460","B","test",14,4,"fam","3",10,0.069,TRUE,279,"M"
"461","B","fam",14,6,"nov","3",1,3.436,TRUE,279,"M"
"462","B","test",14,6,"nov","3",2,4.94059999996413,TRUE,279,"M"
"463","B","fam",14,3,"nov","9",7,2.278,TRUE,279,"M"
"464","B","test",14,3,"nov","9",8,-26.3398000000119,TRUE,279,"M"
"465","B","fam",14,5,"fam","9",5,3.343,TRUE,279,"M"
"466","B","test",14,5,"fam","9",5,9.78300000000001,TRUE,279,"M"
"467","B","fam",15,1,"fam","1",1,5,FALSE,229,"M"
"468","B","test",15,1,"fam","1",1,0.06,TRUE,229,"M"
"469","B","fam",15,2,"nov","1",11,5,FALSE,229,"M"
"470","B","test",15,2,"nov","1",12,8.61900000000001,FALSE,229,"M"
"471","B","fam",15,4,"fam","3",8,9.36000000000001,FALSE,229,"M"
"472","B","test",15,4,"fam","3",8,25.8936000000239,FALSE,229,"M"
"473","B","fam",15,6,"nov","3",4,14.56,FALSE,229,"M"
"474","B","test",15,6,"nov","3",3,6.76869999998814,FALSE,229,"M"
"475","B","fam",15,3,"nov","9",10,38.601,FALSE,229,"M"
"476","B","test",15,3,"nov","9",9,-39.94,TRUE,229,"M"
"477","B","fam",15,5,"fam","9",5,12.061,FALSE,229,"M"
"478","B","test",15,5,"fam","9",5,2.181,FALSE,229,"M"
"479","B","fam",16,1,"fam","1",5,5,FALSE,273,"F"
"480","B","test",16,1,"fam","1",5,13.6627999999821,FALSE,273,"F"
"481","B","fam",16,2,"nov","1",10,5,FALSE,273,"F"
"482","B","test",16,2,"nov","1",9,6.065,FALSE,273,"F"
"483","B","fam",16,4,"fam","3",7,15,FALSE,273,"F"
"484","B","test",16,4,"fam","3",7,21.821900000006,FALSE,273,"F"
"485","B","fam",16,6,"nov","3",3,3.001,FALSE,273,"F"
"486","B","test",16,6,"nov","3",4,5.39509999999404,FALSE,273,"F"
"487","B","fam",16,3,"nov","9",2,5.369,FALSE,273,"F"
"488","B","test",16,3,"nov","9",1,9.99959999999407,FALSE,273,"F"
"489","B","fam",16,5,"fam","9",12,1.516,TRUE,273,"F"
"490","B","test",16,5,"fam","9",12,1.596,TRUE,273,"F"
"491","B","fam",17,4,"fam","1",3,4.32,TRUE,280,"F"
"492","B","test",17,4,"fam","1",3,1.282,TRUE,280,"F"
"493","B","fam",17,6,"nov","1",10,1.44,TRUE,280,"F"
"494","B","test",17,6,"nov","1",9,4.749,FALSE,280,"F"
"495","B","fam",17,3,"nov","3",11,7.377,FALSE,280,"F"
"496","B","test",17,3,"nov","3",12,15.3081000000238,FALSE,280,"F"
"497","B","fam",17,5,"fam","3",6,6.098,FALSE,280,"F"
"498","B","test",17,5,"fam","3",6,2.30520000001788,FALSE,280,"F"
"499","B","fam",17,1,"fam","9",1,17.55,FALSE,280,"F"
"500","B","test",17,1,"fam","9",1,8.99000000000001,FALSE,280,"F"
"501","B","fam",17,2,"nov","9",8,31.48,TRUE,280,"F"
"502","B","test",17,2,"nov","9",7,11.0533000000119,TRUE,280,"F"
"503","B","fam",18,4,"fam","1",9,3.56,FALSE,297,"F"
"504","B","test",18,4,"fam","1",9,6.182,FALSE,297,"F"
"505","B","fam",18,6,"nov","1",1,4.48,FALSE,297,"F"
"506","B","test",18,6,"nov","1",2,0.230000000000004,TRUE,297,"F"
"507","B","fam",18,3,"nov","3",5,13,TRUE,297,"F"
"508","B","test",18,3,"nov","3",6,0.565,TRUE,297,"F"
"509","B","fam",18,5,"fam","3",4,1.34,TRUE,297,"F"
"510","B","test",18,5,"fam","3",4,0.746900000035763,TRUE,297,"F"
"511","B","fam",18,1,"fam","9",12,17.55,FALSE,297,"F"
"512","B","test",18,1,"fam","9",12,7.48909999996427,FALSE,297,"F"
"513","B","fam",18,2,"nov","9",8,1.289,TRUE,297,"F"
"514","B","test",18,2,"nov","9",7,13.4468999999761,FALSE,297,"F"
"515","B","fam",19,1,"nov","1",2,5,FALSE,335,"M"
"516","B","test",19,1,"nov","1",1,37.7893000000119,FALSE,335,"M"
"517","B","fam",19,3,"fam","1",12,5,FALSE,335,"M"
"518","B","test",19,3,"fam","1",12,5.225,FALSE,335,"M"
"519","B","fam",19,2,"fam","3",8,15,FALSE,335,"M"
"520","B","test",19,2,"fam","3",8,4.34839999997616,FALSE,335,"M"
"521","B","fam",19,4,"nov","3",3,15,FALSE,335,"M"
"522","B","test",19,4,"nov","3",4,2.805,FALSE,335,"M"
"523","B","fam",19,5,"nov","9",9,17.52,FALSE,335,"M"
"524","B","test",19,5,"nov","9",10,15.8,FALSE,335,"M"
"525","B","fam",19,6,"fam","9",5,24.422,FALSE,335,"M"
"526","B","test",19,6,"fam","9",5,16.9045999999642,FALSE,335,"M"
"527","B","fam",20,3,"nov","1",5,5,FALSE,333,"M"
"528","B","test",20,3,"nov","1",6,0.06,TRUE,333,"M"
"529","B","fam",20,5,"fam","1",7,5,FALSE,333,"M"
"530","B","test",20,5,"fam","1",7,0.06,TRUE,333,"M"
"531","B","fam",20,1,"fam","3",9,15,FALSE,333,"M"
"532","B","test",20,1,"fam","3",9,-19.94,TRUE,333,"M"
"533","B","fam",20,2,"nov","3",12,15,FALSE,333,"M"
"534","B","test",20,2,"nov","3",11,-19.94,TRUE,333,"M"
"535","B","fam",20,4,"fam","9",2,42.2,FALSE,333,"M"
"536","B","test",20,4,"fam","9",2,6.986,FALSE,333,"M"
"537","B","fam",20,6,"nov","9",4,45,FALSE,333,"M"
"538","B","test",20,6,"nov","9",3,50.2172,FALSE,333,"M"
"539","B","fam",21,5,"nov","1",2,5,FALSE,264,"M"
"540","B","test",21,5,"nov","1",1,10.318,FALSE,264,"M"
"541","B","fam",21,6,"fam","1",11,5,FALSE,264,"M"
"542","B","test",21,6,"fam","1",11,14.48,FALSE,264,"M"
"543","B","fam",21,1,"nov","3",8,15,FALSE,264,"M"
"544","B","test",21,1,"nov","3",7,26.7793000000715,FALSE,264,"M"
"545","B","fam",21,3,"fam","3",6,15,FALSE,264,"M"
"546","B","test",21,3,"fam","3",6,6.71020000004768,FALSE,264,"M"
"547","B","fam",21,2,"fam","9",3,17.215,FALSE,264,"M"
"548","B","test",21,2,"fam","9",3,4.135,FALSE,264,"M"
"549","B","fam",21,4,"nov","9",9,8.514,FALSE,264,"M"
"550","B","test",21,4,"nov","9",10,13.954,FALSE,264,"M"
"551","B","fam",22,1,"nov","1",2,5,FALSE,299,"M"
"552","B","test",22,1,"nov","1",1,20.8973000000715,FALSE,299,"M"
"553","B","fam",22,3,"fam","1",7,3.6,FALSE,299,"M"
"554","B","test",22,3,"fam","1",7,6.792,FALSE,299,"M"
"555","B","fam",22,2,"fam","3",11,13.72,FALSE,299,"M"
"556","B","test",22,2,"fam","3",11,27.315,FALSE,299,"M"
"557","B","fam",22,4,"nov","3",3,13.32,FALSE,299,"M"
"558","B","test",22,4,"nov","3",4,0.491999999999999,TRUE,299,"M"
"559","B","fam",22,5,"nov","9",6,6.944,FALSE,299,"M"
"560","B","test",22,5,"nov","9",5,0.504,TRUE,299,"M"
"561","B","fam",22,6,"fam","9",10,4.752,FALSE,299,"M"
"562","B","test",22,6,"fam","9",10,14.8317000000477,FALSE,299,"M"
"563","B","fam",23,4,"fam","1",4,4.64,TRUE,212,"M"
"564","B","test",23,4,"fam","1",4,3.429,TRUE,212,"M"
"565","B","fam",23,6,"nov","1",1,3.48,TRUE,212,"M"
"566","B","test",23,6,"nov","1",2,2.337,TRUE,212,"M"
"567","B","fam",23,3,"nov","3",10,8.52100000000001,TRUE,212,"M"
"568","B","test",23,3,"nov","3",9,6.93170000004768,TRUE,212,"M"
"569","B","fam",23,5,"fam","3",11,3.45,TRUE,212,"M"
"570","B","test",23,5,"fam","3",11,7.00969999992853,TRUE,212,"M"
"571","B","fam",23,1,"fam","9",5,8.79000000000003,TRUE,212,"M"
"572","B","test",23,1,"fam","9",5,7.59,TRUE,212,"M"
"573","B","fam",23,2,"nov","9",8,4.265,TRUE,212,"M"
"574","B","test",23,2,"nov","9",7,6.905,TRUE,212,"M"
"575","B","fam",24,4,"fam","1",10,5,FALSE,305,"M"
"576","B","test",24,4,"fam","1",10,32.0537999999999,FALSE,305,"M"
"577","B","fam",24,6,"nov","1",7,5,FALSE,305,"M"
"578","B","test",24,6,"nov","1",8,6.182,FALSE,305,"M"
"579","B","fam",24,3,"nov","3",1,15,FALSE,305,"M"
"580","B","test",24,3,"nov","3",2,8.091,FALSE,305,"M"
"581","B","fam",24,5,"fam","3",5,15,FALSE,305,"M"
"582","B","test",24,5,"fam","3",5,21.4076,FALSE,305,"M"
"583","B","fam",24,1,"fam","9",12,45,FALSE,305,"M"
"584","B","test",24,1,"fam","9",12,27.2306,FALSE,305,"M"
"585","B","fam",24,2,"nov","9",4,43.84,FALSE,305,"M"
"586","B","test",24,2,"nov","9",3,52.2719,FALSE,305,"M"
"587","B","fam",25,2,"fam","1",6,1.606,TRUE,309,"M"
"588","B","test",25,2,"fam","1",6,3.566,TRUE,309,"M"
"589","B","fam",25,4,"nov","1",9,5,TRUE,309,"M"
"590","B","test",25,4,"nov","1",10,3.512,TRUE,309,"M"
"591","B","fam",25,5,"nov","3",4,8.572,TRUE,309,"M"
"592","B","test",25,5,"nov","3",3,2.97920000000019,TRUE,309,"M"
"593","B","fam",25,6,"fam","3",11,7.759,TRUE,309,"M"
"594","B","test",25,6,"fam","3",11,1.80340000000037,TRUE,309,"M"
"595","B","fam",25,1,"nov","9",1,7.07,TRUE,309,"M"
"596","B","test",25,1,"nov","9",2,4.63,TRUE,309,"M"
"597","B","fam",25,3,"fam","9",8,10.692,TRUE,309,"M"
"598","B","test",25,3,"fam","9",8,6.78990000000037,TRUE,309,"M"
"599","B","fam",26,1,"fam","1",7,5,FALSE,324,"M"
"600","B","test",26,1,"fam","1",7,18.3461999999881,FALSE,324,"M"
"601","B","fam",26,2,"nov","1",12,4.04,FALSE,324,"M"
"602","B","test",26,2,"nov","1",11,3.724,FALSE,324,"M"
"603","B","fam",26,4,"fam","3",2,13.76,FALSE,324,"M"
"604","B","test",26,4,"fam","3",2,2.459,FALSE,324,"M"
"605","B","fam",26,6,"nov","3",9,10.72,FALSE,324,"M"
"606","B","test",26,6,"nov","3",10,4.738,FALSE,324,"M"
"607","B","fam",26,3,"nov","9",3,20.504,FALSE,324,"M"
"608","B","test",26,3,"nov","9",4,20.6783000000119,FALSE,324,"M"
"609","B","fam",26,5,"fam","9",6,34.4,FALSE,324,"M"
"610","B","test",26,5,"fam","9",6,6.38919999998814,FALSE,324,"M"
"611","B","fam",27,4,"fam","1",11,5,FALSE,274,"F"
"612","B","test",27,4,"fam","1",11,38.9518000000119,FALSE,274,"F"
"613","B","fam",27,6,"nov","1",5,5,FALSE,274,"F"
"614","B","test",27,6,"nov","1",6,10.1982000000179,FALSE,274,"F"
"615","B","fam",27,3,"nov","3",8,13.96,FALSE,274,"F"
"616","B","test",27,3,"nov","3",7,29.9397999999821,FALSE,274,"F"
"617","B","fam",27,5,"fam","3",2,14.48,FALSE,274,"F"
"618","B","test",27,5,"fam","3",2,4.4875,FALSE,274,"F"
"619","B","fam",27,1,"fam","9",10,44.2,FALSE,274,"F"
"620","B","test",27,1,"fam","9",10,-39.94,TRUE,274,"F"
"621","B","fam",27,2,"nov","9",3,43.08,FALSE,274,"F"
"622","B","test",27,2,"nov","9",4,34.0525999999941,FALSE,274,"F"
"623","B","fam",28,1,"nov","1",12,5,FALSE,270,"F"
"624","B","test",28,1,"nov","1",11,7.99,FALSE,270,"F"
"625","B","fam",28,3,"fam","1",1,5,TRUE,270,"F"
"626","B","test",28,3,"fam","1",1,11.758,FALSE,270,"F"
"627","B","fam",28,2,"fam","3",4,13.08,FALSE,270,"F"
"628","B","test",28,2,"fam","3",4,6.7455,FALSE,270,"F"
"629","B","fam",28,4,"nov","3",9,15,FALSE,270,"F"
"630","B","test",28,4,"nov","3",10,18.5235,FALSE,270,"F"
"631","B","fam",28,5,"nov","9",5,25.638,TRUE,270,"F"
"632","B","test",28,5,"nov","9",6,1.758,TRUE,270,"F"
"633","B","fam",28,6,"fam","9",8,1.32,TRUE,270,"F"
"634","B","test",28,6,"fam","9",8,-10.099599999994,TRUE,270,"F"
"635","B","fam",29,5,"nov","1",2,5,FALSE,292,"F"
"636","B","test",29,5,"nov","1",1,2.987,FALSE,292,"F"
"637","B","fam",29,6,"fam","1",12,4.76,FALSE,292,"F"
"638","B","test",29,6,"fam","1",12,4.867,FALSE,292,"F"
"639","B","fam",29,1,"nov","3",10,10.08,FALSE,292,"F"
"640","B","test",29,1,"nov","3",9,21.2757999999821,FALSE,292,"F"
"641","B","fam",29,3,"fam","3",3,15,FALSE,292,"F"
"642","B","test",29,3,"fam","3",3,10.4441000000238,FALSE,292,"F"
"643","B","fam",29,2,"fam","9",7,16.463,FALSE,292,"F"
"644","B","test",29,2,"fam","9",7,19.891,FALSE,292,"F"
"645","B","fam",29,4,"nov","9",5,24.548,FALSE,292,"F"
"646","B","test",29,4,"nov","9",6,6.508,FALSE,292,"F"
"647","B","fam",30,4,"fam","1",1,5,FALSE,300,"M"
"648","B","test",30,4,"fam","1",1,9.80800000000001,FALSE,300,"M"
"649","B","fam",30,6,"nov","1",11,5,FALSE,300,"M"
"650","B","test",30,6,"nov","1",12,25.9765999999941,FALSE,300,"M"
"651","B","fam",30,3,"nov","3",4,14.44,FALSE,300,"M"
"652","B","test",30,3,"nov","3",3,8.739,FALSE,300,"M"
"653","B","fam",30,5,"fam","3",10,14.121,FALSE,300,"M"
"654","B","test",30,5,"fam","3",10,5.41980000001186,FALSE,300,"M"
"655","B","fam",30,1,"fam","9",8,38.28,FALSE,300,"M"
"656","B","test",30,1,"fam","9",8,18.47,FALSE,300,"M"
"657","B","fam",30,2,"nov","9",5,5.28500000000001,FALSE,300,"M"
"658","B","test",30,2,"nov","9",6,46.805,FALSE,300,"M"
"659","B","fam",31,2,"fam","1",6,5,FALSE,323,"M"
"660","B","test",31,2,"fam","1",6,25.477,FALSE,323,"M"
"661","B","fam",31,4,"nov","1",9,5,FALSE,323,"M"
"662","B","test",31,4,"nov","1",10,8.48400000000001,FALSE,323,"M"
"663","B","fam",31,5,"nov","3",2,12.64,FALSE,323,"M"
"664","B","test",31,5,"nov","3",1,3.36220000001788,FALSE,323,"M"
"665","B","fam",31,6,"fam","3",8,5.539,FALSE,323,"M"
"666","B","test",31,6,"fam","3",8,0.996699999988137,TRUE,323,"M"
"667","B","fam",31,1,"nov","9",11,41.36,FALSE,323,"M"
"668","B","test",31,1,"nov","9",12,26.4735,FALSE,323,"M"
"669","B","fam",31,3,"fam","9",3,8.40200000000001,FALSE,323,"M"
"670","B","test",31,3,"fam","9",3,0.122000000000002,TRUE,323,"M"
"671","B","fam",32,3,"nov","1",1,5,FALSE,313,"M"
"672","B","test",32,3,"nov","1",2,16.178,FALSE,313,"M"
"673","B","fam",32,5,"fam","1",12,5,FALSE,313,"M"
"674","B","test",32,5,"fam","1",12,9.934,FALSE,313,"M"
"675","B","fam",32,1,"fam","3",9,14.16,FALSE,313,"M"
"676","B","test",32,1,"fam","3",9,-19.94,TRUE,313,"M"
"677","B","fam",32,2,"nov","3",4,14.64,FALSE,313,"M"
"678","B","test",32,2,"nov","3",3,8.771,FALSE,313,"M"
"679","B","fam",32,4,"fam","9",6,35.726,FALSE,313,"M"
"680","B","test",32,4,"fam","9",6,4.406,FALSE,313,"M"
"681","B","fam",32,6,"nov","9",7,14.06,FALSE,313,"M"
"682","B","test",32,6,"nov","9",8,11.66,FALSE,313,"M"
"683","B","fam",33,2,"fam","1",4,5,FALSE,318,"M"
"684","B","test",33,2,"fam","1",4,61.0121,FALSE,318,"M"
"685","B","fam",33,4,"nov","1",11,5,FALSE,318,"M"
"686","B","test",33,4,"nov","1",12,40.6242,FALSE,318,"M"
"687","B","fam",33,5,"nov","3",5,15,FALSE,318,"M"
"688","B","test",33,5,"nov","3",6,21.2336,FALSE,318,"M"
"689","B","fam",33,6,"fam","3",8,15,FALSE,318,"M"
"690","B","test",33,6,"fam","3",8,20.3467,FALSE,318,"M"
"691","B","fam",33,1,"nov","9",1,43.92,FALSE,318,"M"
"692","B","test",33,1,"nov","9",2,60.2112,FALSE,318,"M"
"693","B","fam",33,3,"fam","9",10,45,FALSE,318,"M"
"694","B","test",33,3,"fam","9",10,45.6823,FALSE,318,"M"
"695","B","fam",34,1,"nov","1",1,5,FALSE,309,"M"
"696","B","test",34,1,"nov","1",2,0.06,TRUE,309,"M"
"697","B","fam",34,3,"fam","1",7,5,TRUE,309,"M"
"698","B","test",34,3,"fam","1",7,0.06,TRUE,309,"M"
"699","B","fam",34,2,"fam","3",6,14.76,FALSE,309,"M"
"700","B","test",34,2,"fam","3",6,7.737,FALSE,309,"M"
"701","B","fam",34,4,"nov","3",11,14.56,FALSE,309,"M"
"702","B","test",34,4,"nov","3",12,25.5167999999523,FALSE,309,"M"
"703","B","fam",34,5,"nov","9",4,40.52,FALSE,309,"M"
"704","B","test",34,5,"nov","9",3,24.8041000000238,FALSE,309,"M"
"705","B","fam",34,6,"fam","9",10,42.48,FALSE,309,"M"
"706","B","test",34,6,"fam","9",10,9.38300000000001,FALSE,309,"M"
"707","B","fam",35,2,"fam","1",3,4.48,FALSE,329,"M"
"708","B","test",35,2,"fam","1",3,18.1169000000953,FALSE,329,"M"
"709","B","fam",35,4,"nov","1",2,3.48,FALSE,329,"M"
"710","B","test",35,4,"nov","1",1,20.856,FALSE,329,"M"
"711","B","fam",35,5,"nov","3",8,15,FALSE,329,"M"
"712","B","test",35,5,"nov","3",7,5.214,FALSE,329,"M"
"713","B","fam",35,6,"fam","3",9,2.012,FALSE,329,"M"
"714","B","test",35,6,"fam","3",9,2.532,FALSE,329,"M"
"715","B","fam",35,1,"nov","9",12,41.24,FALSE,329,"M"
"716","B","test",35,1,"nov","9",11,23.59,FALSE,329,"M"
"717","B","fam",35,3,"fam","9",5,9.272,FALSE,329,"M"
"718","B","test",35,3,"fam","9",5,6.192,FALSE,329,"M"
