"","experiment","fam_or_test","subject_num","block_num","test_type","fam_duration","LT","exclude","age","sex"
"1","A","test",1,1,"fam","0",25.377,FALSE,312,"F"
"2","A","test",1,3,"fam","0",12.482,FALSE,312,"F"
"3","A","fam",1,2,"fam","4",20,FALSE,312,"F"
"4","A","test",1,2,"fam","4",40.1521,FALSE,312,"F"
"5","A","fam",1,4,"nov","4",20,FALSE,312,"F"
"6","A","test",1,4,"nov","4",9.134,FALSE,312,"F"
"7","A","fam",1,5,"nov","8",23.943,FALSE,312,"F"
"8","A","test",1,5,"nov","8",8.51820000000001,FALSE,312,"F"
"9","A","fam",1,6,"fam","8",22.723,FALSE,312,"F"
"10","A","test",2,3,"fam","0",8.99000000000001,FALSE,316,"F"
"11","A","test",2,5,"fam","0",2.418,FALSE,316,"F"
"12","A","fam",2,1,"fam","4",20,FALSE,316,"F"
"13","A","test",2,1,"fam","4",28.1011,FALSE,316,"F"
"14","A","fam",2,2,"nov","4",18.28,FALSE,316,"F"
"15","A","test",2,2,"nov","4",21.6371,FALSE,316,"F"
"16","A","fam",2,4,"fam","8",34.72,FALSE,316,"F"
"17","A","test",2,4,"fam","8",5.70709999999998,FALSE,316,"F"
"18","A","fam",2,6,"nov","8",6.33900000000001,FALSE,316,"F"
"19","A","test",2,6,"nov","8",8.53550000000001,FALSE,316,"F"
"20","A","test",3,5,"fam","0",10.148,FALSE,316,"F"
"21","A","test",3,6,"fam","0",18.7936,FALSE,316,"F"
"22","A","fam",3,1,"nov","4",18.96,FALSE,316,"F"
"23","A","test",3,1,"nov","4",21.0792,FALSE,316,"F"
"24","A","fam",3,3,"fam","4",18.559,FALSE,316,"F"
"25","A","test",3,3,"fam","4",15.3697,FALSE,316,"F"
"26","A","fam",3,2,"fam","8",38.2,FALSE,316,"F"
"27","A","test",3,2,"fam","8",11.2524,FALSE,316,"F"
"28","A","fam",3,4,"nov","8",37.92,FALSE,316,"F"
"29","A","test",3,4,"nov","8",13.5712,FALSE,316,"F"
"30","A","test",5,4,"fam","0",27.9529,FALSE,275," M"
"31","A","fam",5,5,"nov","4",11.665,FALSE,275," M"
"32","A","test",5,5,"nov","4",4.025,FALSE,275," M"
"33","A","fam",5,6,"fam","4",13.96,FALSE,275," M"
"34","A","fam",5,3,"fam","8",40,FALSE,275," M"
"35","A","test",5,3,"fam","8",13.118,FALSE,275," M"
"36","A","test",6,2,"fam","0",23.3107,FALSE,275,"F"
"37","A","test",6,4,"fam","0",8.03,FALSE,275,"F"
"38","A","fam",6,5,"nov","4",3.44,FALSE,275,"F"
"39","A","fam",6,6,"fam","4",9,FALSE,275,"F"
"40","A","fam",6,1,"nov","8",35.24,FALSE,275,"F"
"41","A","test",6,1,"nov","8",44.2478,FALSE,275,"F"
"42","A","fam",6,3,"fam","8",39.48,FALSE,275,"F"
"43","A","test",6,3,"fam","8",6.39,FALSE,275,"F"
"44","A","test",7,2,"fam","0",23.6762,FALSE,320,"M"
"45","A","test",7,4,"fam","0",7.359,FALSE,320,"M"
"46","A","fam",7,5,"nov","4",15.36,FALSE,320,"M"
"47","A","test",7,5,"nov","4",9.44459999999998,FALSE,320,"M"
"48","A","fam",7,6,"fam","4",8.329,FALSE,320,"M"
"49","A","test",7,6,"fam","4",10.3107,FALSE,320,"M"
"50","A","fam",7,1,"nov","8",38,FALSE,320,"M"
"51","A","test",7,1,"nov","8",18.0645,FALSE,320,"M"
"52","A","fam",7,3,"fam","8",23.63,FALSE,320,"M"
"53","A","test",7,3,"fam","8",4.0356,FALSE,320,"M"
"54","A","test",8,1,"fam","0",35.418,FALSE,273,"M"
"55","A","test",8,2,"fam","0",24.8166000000239,FALSE,273,"M"
"56","A","fam",8,4,"fam","4",18.68,FALSE,273,"M"
"57","A","test",8,4,"fam","4",32.3438999999762,FALSE,273,"M"
"58","A","fam",8,6,"nov","4",10.421,FALSE,273,"M"
"59","A","test",8,6,"nov","4",13.5763999999762,FALSE,273,"M"
"60","A","fam",8,3,"nov","8",31.36,FALSE,273,"M"
"61","A","test",8,3,"nov","8",36.0282999999523,FALSE,273,"M"
"62","A","fam",8,5,"fam","8",35.52,FALSE,273,"M"
"63","A","test",8,5,"fam","8",42.9038000000715,FALSE,273,"M"
"64","A","test",9,1,"fam","0",9.23000000000001,FALSE,283,"M"
"65","A","test",9,3,"fam","0",11.0238000000716,FALSE,283,"M"
"66","A","fam",9,2,"fam","4",16.48,FALSE,283,"M"
"67","A","test",9,2,"fam","4",8.47920000004766,FALSE,283,"M"
"68","A","fam",9,4,"nov","4",14.88,FALSE,283,"M"
"69","A","test",9,4,"nov","4",10.439,FALSE,283,"M"
"70","A","fam",9,5,"nov","8",20.724,FALSE,283,"M"
"71","A","test",9,5,"nov","8",4.40989999997616,FALSE,283,"M"
"72","A","fam",9,6,"fam","8",27.8,FALSE,283,"M"
"73","A","test",9,6,"fam","8",4.58810000002384,FALSE,283,"M"
"74","A","test",10,3,"fam","0",18.1576000000238,FALSE,323,"M"
"75","A","fam",10,1,"fam","4",18.4,FALSE,323,"M"
"76","A","test",10,1,"fam","4",11.8637000000477,FALSE,323,"M"
"77","A","test",10,2,"nov","4",18.0473000000716,FALSE,323,"M"
"78","A","test",11,5,"fam","0",16.978,FALSE,274,"F"
"79","A","test",11,6,"fam","0",29.3997999999523,FALSE,274,"F"
"80","A","fam",11,1,"nov","4",9.75,FALSE,274,"F"
"81","A","test",11,1,"nov","4",31.1823999999761,FALSE,274,"F"
"82","A","fam",11,3,"fam","4",18.001,FALSE,274,"F"
"83","A","fam",11,2,"fam","8",38.24,FALSE,274,"F"
"84","A","test",11,2,"fam","8",17.2389000000953,FALSE,274,"F"
"85","A","fam",11,4,"nov","8",31.28,FALSE,274,"F"
"86","A","test",11,4,"nov","8",24.9791000000238,FALSE,274,"F"
"87","A","test",12,1,"fam","0",5.99,FALSE,322,"F"
"88","A","test",12,2,"fam","0",34.5711999998093,FALSE,322,"F"
"89","A","fam",12,4,"fam","4",8.926,FALSE,322,"F"
"90","A","test",12,4,"fam","4",7.74159999990469,FALSE,322,"F"
"91","A","fam",12,6,"nov","4",14.558,FALSE,322,"F"
"92","A","test",12,6,"nov","4",18.798,FALSE,322,"F"
"93","A","fam",12,3,"nov","8",21.216,FALSE,322,"F"
"94","A","fam",12,5,"fam","8",14.033,FALSE,322,"F"
"95","A","test",12,5,"fam","8",23.3727000000477,FALSE,322,"F"
"96","A","test",14,4,"fam","0",17.293,FALSE,296,"M"
"97","A","test",14,6,"fam","0",7.352,FALSE,296,"M"
"98","A","fam",14,3,"nov","4",16.069,FALSE,296,"M"
"99","A","test",14,3,"nov","4",6.789,FALSE,296,"M"
"100","A","fam",14,5,"fam","4",16.56,FALSE,296,"M"
"101","A","test",14,5,"fam","4",2.55859999999963,FALSE,296,"M"
"102","A","fam",14,1,"fam","8",40,FALSE,296,"M"
"103","A","test",14,1,"fam","8",9.35279999999891,FALSE,296,"M"
"104","A","fam",14,2,"nov","8",37.56,FALSE,296,"M"
"105","A","test",14,2,"nov","8",25.01,FALSE,296,"M"
"106","A","test",15,6,"fam","0",8.75500000000001,FALSE,323,"M"
"107","A","test",16,5,"fam","0",26.267,FALSE,254,"F"
"108","A","fam",16,1,"fam","4",19.4,FALSE,254,"F"
"109","A","test",16,1,"fam","4",35.1980999999941,FALSE,254,"F"
"110","A","fam",16,2,"nov","4",19.64,FALSE,254,"F"
"111","A","test",16,2,"nov","4",3.313,FALSE,254,"F"
"112","A","fam",16,4,"fam","8",6.82000000000001,FALSE,254,"F"
"113","A","test",16,4,"fam","8",28.776700000003,FALSE,254,"F"
"114","A","fam",16,6,"nov","8",39.72,FALSE,254,"F"
"115","A","test",16,6,"nov","8",31.455799999997,FALSE,254,"F"
"116","A","test",17,1,"fam","0",45.7703000000119,FALSE,334,"F"
"117","A","test",17,2,"fam","0",20.506099999994,FALSE,334,"F"
"118","A","fam",17,4,"fam","4",16.76,FALSE,334,"F"
"119","A","test",17,4,"fam","4",21.09,FALSE,334,"F"
"120","A","fam",17,6,"nov","4",18.04,FALSE,334,"F"
"121","A","test",17,6,"nov","4",22.6763000000119,FALSE,334,"F"
"122","A","fam",17,3,"nov","8",27.58,FALSE,334,"F"
"123","A","test",17,3,"nov","8",13.9,FALSE,334,"F"
"124","A","test",17,5,"fam","8",8.44350000000001,FALSE,334,"F"
"125","A","test",18,4,"fam","0",18.305,FALSE,274,"M"
"126","A","test",18,6,"fam","0",11.452,FALSE,274,"M"
"127","A","fam",18,3,"nov","4",18.64,FALSE,274,"M"
"128","A","test",18,3,"nov","4",23.6786999999881,FALSE,274,"M"
"129","A","fam",18,5,"fam","4",19.48,FALSE,274,"M"
"130","A","test",18,5,"fam","4",47.704900000006,FALSE,274,"M"
"131","A","fam",18,1,"fam","8",36.52,FALSE,274,"M"
"132","A","test",18,1,"fam","8",20.849400000006,FALSE,274,"M"
"133","A","fam",18,2,"nov","8",9.726,FALSE,274,"M"
"134","A","test",18,2,"nov","8",15.727,FALSE,274,"M"
"135","A","test",19,6,"fam","0",4.9995,FALSE,336,"F"
"136","A","fam",19,3,"nov","4",18.92,FALSE,336,"F"
"137","A","test",19,3,"nov","4",13.854,FALSE,336,"F"
"138","A","fam",19,5,"fam","4",9.33900000000001,FALSE,336,"F"
"139","A","fam",19,1,"fam","8",29.88,FALSE,336,"F"
"140","A","test",19,1,"fam","8",11.11,FALSE,336,"F"
"141","A","fam",19,2,"nov","8",2.007,FALSE,336,"F"
"142","A","test",19,2,"nov","8",8.727,FALSE,336,"F"
"143","A","test",20,3,"fam","0",14.029,FALSE,310,"M"
"144","A","test",20,5,"fam","0",22.4426999999881,FALSE,310,"M"
"145","A","fam",20,1,"fam","4",20,FALSE,310,"M"
"146","A","test",20,1,"fam","4",27.87,FALSE,310,"M"
"147","A","fam",20,2,"nov","4",19.64,FALSE,310,"M"
"148","A","test",20,2,"nov","4",27.689,FALSE,310,"M"
"149","A","fam",20,4,"fam","8",34.599,FALSE,310,"M"
"150","A","test",20,4,"fam","8",10.689,FALSE,310,"M"
"151","A","fam",20,6,"nov","8",34,FALSE,310,"M"
"152","A","test",20,6,"nov","8",11.4033999999762,FALSE,310,"M"
"153","A","test",21,1,"fam","0",15.15,FALSE,308,"F"
"154","A","fam",21,4,"fam","4",8.138,FALSE,308,"F"
"155","A","test",21,4,"fam","4",22.0967,FALSE,308,"F"
"156","A","fam",21,6,"nov","4",9.60000000000001,FALSE,308,"F"
"157","A","test",21,6,"nov","4",16.7296,FALSE,308,"F"
"158","A","fam",21,3,"nov","8",29.065,FALSE,308,"F"
"159","A","test",21,3,"nov","8",17.345,FALSE,308,"F"
"160","A","fam",21,5,"fam","8",29.68,FALSE,308,"F"
"161","A","test",21,5,"fam","8",3.84170000000007,FALSE,308,"F"
"162","A","test",22,1,"fam","0",25.0531,FALSE,213,"F"
"163","A","test",22,2,"fam","0",19.733,FALSE,213,"F"
"164","A","fam",22,4,"fam","4",18.52,FALSE,213,"F"
"165","A","test",22,4,"fam","4",46.5473,FALSE,213,"F"
"166","A","fam",22,6,"nov","4",16.119,FALSE,213,"F"
"167","A","test",22,6,"nov","4",20.6594,FALSE,213,"F"
"168","A","fam",22,3,"nov","8",37.72,FALSE,213,"F"
"169","A","test",23,1,"fam","0",20.3943999999985,FALSE,218,"M"
"170","A","test",23,3,"fam","0",27.996299999997,FALSE,218,"M"
"171","A","test",23,2,"fam","4",14.9798000000045,FALSE,218,"M"
"172","A","fam",23,4,"nov","4",13.88,FALSE,218,"M"
"173","A","test",23,4,"nov","4",5.44600000000001,FALSE,218,"M"
"174","A","fam",23,5,"nov","8",7.767,FALSE,218,"M"
"175","A","test",23,5,"nov","8",6.90970000000298,FALSE,218,"M"
"176","A","fam",23,6,"fam","8",5.891,FALSE,218,"M"
"177","A","test",23,6,"fam","8",6.11739999999851,FALSE,218,"M"
"178","A","test",24,5,"fam","0",12.014,FALSE,222,"M"
"179","A","test",24,6,"fam","0",10.742400000006,FALSE,222,"M"
"180","A","fam",24,1,"nov","4",18.64,FALSE,222,"M"
"181","A","test",24,1,"nov","4",23.564299999997,FALSE,222,"M"
"182","A","fam",24,3,"fam","4",11.041,FALSE,222,"M"
"183","A","test",24,3,"fam","4",3.721,FALSE,222,"M"
"184","A","fam",24,2,"fam","8",20.083,FALSE,222,"M"
"185","A","test",24,2,"fam","8",3.763,FALSE,222,"M"
"186","A","fam",24,4,"nov","8",34.4,FALSE,222,"M"
"187","A","test",24,4,"nov","8",17.568400000006,FALSE,222,"M"
"188","A","test",25,6,"fam","0",7.67589999999114,FALSE,329,"M"
"189","A","fam",25,3,"nov","4",15.64,FALSE,329,"M"
"190","A","test",25,3,"nov","4",3.96400000000001,FALSE,329,"M"
"191","A","fam",25,5,"fam","4",14.68,FALSE,329,"M"
"192","A","fam",25,1,"fam","8",26.6800000000001,FALSE,329,"M"
"193","A","test",25,1,"fam","8",6.15,FALSE,329,"M"
"194","A","fam",25,2,"nov","8",11.315,FALSE,329,"M"
"195","A","test",26,3,"fam","0",15.486,FALSE,336,"M"
"196","A","fam",26,2,"fam","4",15.12,FALSE,336,"M"
"197","A","test",26,2,"fam","4",32.0745,FALSE,336,"M"
"198","A","fam",26,4,"nov","4",15.68,FALSE,336,"M"
"199","A","fam",26,5,"nov","8",36.8,FALSE,336,"M"
"200","A","test",26,5,"nov","8",12.804400000006,FALSE,336,"M"
"201","A","fam",26,6,"fam","8",24.08,FALSE,336,"M"
"202","A","test",26,6,"fam","8",6.02909999999404,FALSE,336,"M"
"203","A","test",28,2,"fam","0",12.745,FALSE,295,"F"
"204","A","fam",28,5,"nov","4",20,FALSE,295,"F"
"205","A","test",28,5,"nov","4",28.782599999994,FALSE,295,"F"
"206","A","fam",28,6,"fam","4",20,FALSE,295,"F"
"207","A","test",28,6,"fam","4",16.625400000006,FALSE,295,"F"
"208","A","fam",28,1,"nov","8",40,FALSE,295,"F"
"209","A","fam",28,3,"fam","8",40,FALSE,295,"F"
"210","A","test",28,3,"fam","8",8.22419999998808,FALSE,295,"F"
"211","A","test",29,5,"fam","0",28.009,FALSE,230,"F"
"212","A","test",29,6,"fam","0",5.773,FALSE,230,"F"
"213","A","fam",29,1,"nov","4",18,FALSE,230,"F"
"214","A","test",29,1,"nov","4",3.27,FALSE,230,"F"
"215","A","fam",29,3,"fam","4",3.781,FALSE,230,"F"
"216","A","test",29,3,"fam","4",9.261,FALSE,230,"F"
"217","A","fam",29,2,"fam","8",36.36,FALSE,230,"F"
"218","A","test",29,2,"fam","8",2.26599999999999,FALSE,230,"F"
"219","A","fam",29,4,"nov","8",3.436,FALSE,230,"F"
"220","A","test",29,4,"nov","8",27.5847,FALSE,230,"F"
"221","A","fam",30,2,"fam","4",19.92,FALSE,329,"M"
"222","A","fam",30,4,"nov","4",19.16,FALSE,329,"M"
"223","A","fam",30,5,"nov","8",33.16,FALSE,329,"M"
"224","A","fam",30,6,"fam","8",37.92,FALSE,329,"M"
"225","A","test",30,6,"fam","8",10.113,FALSE,329,"M"
"226","A","test",31,4,"fam","0",4.799,FALSE,214,"M"
"227","A","fam",31,3,"nov","4",3.6,FALSE,214,"M"
"228","A","fam",31,5,"fam","4",6.61400000000001,FALSE,214,"M"
"229","A","test",31,5,"fam","4",6.125,FALSE,214,"M"
"230","A","fam",31,1,"fam","8",3.95,FALSE,214,"M"
"231","A","test",32,3,"fam","0",30.3108999999761,FALSE,220,"F"
"232","A","test",32,5,"fam","0",30.0945,FALSE,220,"F"
"233","A","fam",32,1,"fam","4",20,FALSE,220,"F"
"234","A","test",32,1,"fam","4",10.2595,FALSE,220,"F"
"235","A","fam",32,2,"nov","4",19.08,FALSE,220,"F"
"236","A","test",32,2,"nov","4",23.5005,FALSE,220,"F"
"237","A","fam",32,4,"fam","8",37.039,FALSE,220,"F"
"238","A","test",32,4,"fam","8",9.11070000004768,FALSE,220,"F"
"239","A","fam",32,6,"nov","8",35.88,FALSE,220,"F"
"240","A","test",32,6,"nov","8",9.18340000003576,FALSE,220,"F"
"241","B","fam",1,1,"nov","1",4.2,FALSE,264,"F"
"242","B","test",1,1,"nov","1",32.6011999999993,FALSE,264,"F"
"243","B","fam",1,3,"fam","3",12.2,FALSE,264,"F"
"244","B","test",1,3,"fam","3",7.809,FALSE,264,"F"
"245","B","fam",1,5,"nov","3",6.31600000000001,FALSE,264,"F"
"246","B","fam",1,2,"nov","9",21.6,FALSE,264,"F"
"247","B","test",1,2,"nov","9",26.529,FALSE,264,"F"
"248","B","fam",1,4,"fam","9",32.9600000000001,FALSE,264,"F"
"249","B","test",1,4,"fam","9",4.72200000000001,FALSE,264,"F"
"250","B","test",2,2,"fam","1",8.551,FALSE,330,"F"
"251","B","fam",2,1,"fam","3",14.92,FALSE,330,"F"
"252","B","test",2,1,"fam","3",3.27810000000149,FALSE,330,"F"
"253","B","fam",2,3,"nov","3",6.86,FALSE,330,"F"
"254","B","test",2,3,"nov","3",5.58,FALSE,330,"F"
"255","B","fam",2,4,"nov","9",14.247,FALSE,330,"F"
"256","B","test",2,4,"nov","9",10.967,FALSE,330,"F"
"257","B","fam",2,5,"fam","9",37.92,FALSE,330,"F"
"258","B","test",2,5,"fam","9",10.246,FALSE,330,"F"
"259","B","fam",3,2,"fam","1",5,FALSE,316,"M"
"260","B","fam",3,1,"fam","3",14.2,FALSE,316,"M"
"261","B","test",3,1,"fam","3",48.5922999999998,FALSE,316,"M"
"262","B","fam",3,3,"nov","3",15,FALSE,316,"M"
"263","B","test",3,3,"nov","3",45.5693999999999,FALSE,316,"M"
"264","B","fam",3,4,"nov","9",36.84,FALSE,316,"M"
"265","B","test",3,4,"nov","9",5.551,FALSE,316,"M"
"266","B","fam",3,5,"fam","9",41.2,FALSE,316,"M"
"267","B","test",3,5,"fam","9",5.581,FALSE,316,"M"
"268","B","fam",4,2,"nov","1",5,FALSE,333,"F"
"269","B","test",4,2,"nov","1",36.62,FALSE,333,"F"
"270","B","fam",4,4,"fam","1",5,FALSE,333,"F"
"271","B","test",4,4,"fam","1",25.214,FALSE,333,"F"
"272","B","fam",4,1,"nov","3",14.48,FALSE,333,"F"
"273","B","fam",4,3,"fam","9",43.8,FALSE,333,"F"
"274","B","test",4,3,"fam","9",23.48,FALSE,333,"F"
"275","B","fam",4,5,"nov","9",40.44,FALSE,333,"F"
"276","B","test",4,5,"nov","9",12.799,FALSE,333,"F"
"277","B","fam",5,4,"nov","1",4.12,FALSE,226,"M"
"278","B","test",5,4,"nov","1",9.6155,FALSE,226,"M"
"279","B","fam",5,5,"fam","1",3.72,FALSE,226,"M"
"280","B","test",5,5,"fam","1",2.869,FALSE,226,"M"
"281","B","fam",5,2,"fam","3",15,FALSE,226,"M"
"282","B","test",5,2,"fam","3",2.626,FALSE,226,"M"
"283","B","fam",5,1,"fam","9",35.47,FALSE,226,"M"
"284","B","fam",5,3,"nov","9",32.92,FALSE,226,"M"
"285","B","test",5,3,"nov","9",8.344,FALSE,226,"M"
"286","B","fam",6,3,"fam","1",5,FALSE,278,"F"
"287","B","test",6,3,"fam","1",31.4405,FALSE,278,"F"
"288","B","fam",6,5,"nov","1",5,FALSE,278,"F"
"289","B","test",6,5,"nov","1",30.7197000000179,FALSE,278,"F"
"290","B","fam",6,2,"nov","3",14.12,FALSE,278,"F"
"291","B","test",6,2,"nov","3",42.3628000000119,FALSE,278,"F"
"292","B","fam",6,4,"fam","3",14.92,FALSE,278,"F"
"293","B","test",6,4,"fam","3",6.922,FALSE,278,"F"
"294","B","fam",6,1,"nov","9",41.76,FALSE,278,"F"
"295","B","fam",7,2,"fam","1",4.16,FALSE,292,"F"
"296","B","fam",7,4,"nov","1",5,FALSE,292,"F"
"297","B","test",7,4,"nov","1",8.30700000000001,FALSE,292,"F"
"298","B","fam",7,5,"nov","3",15,FALSE,292,"F"
"299","B","test",7,5,"nov","3",18.761,FALSE,292,"F"
"300","B","fam",7,6,"fam","3",13.24,FALSE,292,"F"
"301","B","test",7,6,"fam","3",7.60540000000602,FALSE,292,"F"
"302","B","fam",7,1,"nov","9",10.07,FALSE,292,"F"
"303","B","test",7,1,"nov","9",10.75,FALSE,292,"F"
"304","B","fam",7,3,"fam","9",6.05300000000001,FALSE,292,"F"
"305","B","test",7,3,"fam","9",5.06,FALSE,292,"F"
"306","B","fam",8,1,"fam","1",5,FALSE,240,"F"
"307","B","test",8,1,"fam","1",24.7420999999643,FALSE,240,"F"
"308","B","fam",8,2,"nov","1",5,FALSE,240,"F"
"309","B","test",8,2,"nov","1",28.89,FALSE,240,"F"
"310","B","fam",8,4,"fam","3",14.92,FALSE,240,"F"
"311","B","test",8,4,"fam","3",5.74930000001192,FALSE,240,"F"
"312","B","fam",8,6,"nov","3",2.891,FALSE,240,"F"
"313","B","test",8,6,"nov","3",3.70109999996412,FALSE,240,"F"
"314","B","fam",8,3,"nov","9",20.058,FALSE,240,"F"
"315","B","test",8,3,"nov","9",6.21800000000001,FALSE,240,"F"
"316","B","fam",8,5,"fam","9",4.013,FALSE,240,"F"
"317","B","test",8,5,"fam","9",6.36909999996412,FALSE,240,"F"
"318","B","fam",9,1,"nov","1",5,FALSE,218,"F"
"319","B","test",9,1,"nov","1",16.91,FALSE,218,"F"
"320","B","fam",9,3,"fam","1",5,FALSE,218,"F"
"321","B","test",9,3,"fam","1",10.052,FALSE,218,"F"
"322","B","fam",9,2,"fam","3",14.44,FALSE,218,"F"
"323","B","fam",9,4,"nov","3",3.434,FALSE,218,"F"
"324","B","test",9,4,"nov","3",10.1693000000119,FALSE,218,"F"
"325","B","fam",9,5,"nov","9",2.574,FALSE,218,"F"
"326","B","test",9,5,"nov","9",19.4270999999641,FALSE,218,"F"
"327","B","fam",9,6,"fam","9",45,FALSE,218,"F"
"328","B","test",9,6,"fam","9",11.9845,FALSE,218,"F"
"329","B","test",10,3,"nov","1",21.224,FALSE,239,"F"
"330","B","test",10,5,"fam","1",2.884,FALSE,239,"F"
"331","B","fam",10,1,"fam","3",14.56,FALSE,239,"F"
"332","B","test",10,1,"fam","3",43.1225999999643,FALSE,239,"F"
"333","B","fam",10,2,"nov","3",15,FALSE,239,"F"
"334","B","test",10,2,"nov","3",11.123,FALSE,239,"F"
"335","B","fam",10,4,"fam","9",12.145,FALSE,239,"F"
"336","B","test",10,4,"fam","9",3.18500000000001,FALSE,239,"F"
"337","B","fam",10,6,"nov","9",30.56,FALSE,239,"F"
"338","B","test",10,6,"nov","9",9.26730000001187,FALSE,239,"F"
"339","B","fam",11,5,"nov","1",5,FALSE,262,"F"
"340","B","test",11,5,"nov","1",19.3008999999762,FALSE,262,"F"
"341","B","fam",11,6,"fam","1",5,FALSE,262,"F"
"342","B","test",11,6,"fam","1",14.4601000000238,FALSE,262,"F"
"343","B","fam",11,1,"nov","3",12.56,FALSE,262,"F"
"344","B","fam",11,3,"fam","3",15,FALSE,262,"F"
"345","B","test",11,3,"fam","3",11.0415,FALSE,262,"F"
"346","B","fam",11,2,"fam","9",45,FALSE,262,"F"
"347","B","test",11,2,"fam","9",11.6920999999643,FALSE,262,"F"
"348","B","fam",11,4,"nov","9",45,FALSE,262,"F"
"349","B","test",11,4,"nov","9",24.5027999999523,FALSE,262,"F"
"350","B","fam",12,5,"nov","1",5,FALSE,242,"M"
"351","B","test",12,5,"nov","1",11.477,FALSE,242,"M"
"352","B","fam",12,6,"fam","1",4.76,FALSE,242,"M"
"353","B","test",12,6,"fam","1",26.6543000000119,FALSE,242,"M"
"354","B","fam",12,1,"nov","3",14.76,FALSE,242,"M"
"355","B","test",12,1,"nov","3",10.8438999999762,FALSE,242,"M"
"356","B","fam",12,3,"fam","3",13.84,FALSE,242,"M"
"357","B","test",12,3,"fam","3",13.1158999999761,FALSE,242,"M"
"358","B","fam",12,2,"fam","9",23.671,FALSE,242,"M"
"359","B","fam",12,4,"nov","9",3.886,FALSE,242,"M"
"360","B","test",12,4,"nov","9",10.7978000000119,FALSE,242,"M"
"361","B","test",13,3,"nov","1",2.24500000000001,FALSE,301,"M"
"362","B","fam",13,1,"fam","3",4.55,FALSE,301,"M"
"363","B","test",13,1,"fam","3",2.50830000001194,FALSE,301,"M"
"364","B","fam",13,2,"nov","3",6.481,FALSE,301,"M"
"365","B","test",13,4,"fam","9",5.125,FALSE,301,"M"
"366","B","fam",13,6,"nov","9",4.962,FALSE,301,"M"
"367","B","fam",15,1,"fam","1",5,FALSE,229,"M"
"368","B","fam",15,2,"nov","1",5,FALSE,229,"M"
"369","B","test",15,2,"nov","1",8.61900000000001,FALSE,229,"M"
"370","B","fam",15,4,"fam","3",9.36000000000001,FALSE,229,"M"
"371","B","test",15,4,"fam","3",25.8936000000239,FALSE,229,"M"
"372","B","fam",15,6,"nov","3",14.56,FALSE,229,"M"
"373","B","test",15,6,"nov","3",6.76869999998814,FALSE,229,"M"
"374","B","fam",15,3,"nov","9",38.601,FALSE,229,"M"
"375","B","fam",15,5,"fam","9",12.061,FALSE,229,"M"
"376","B","test",15,5,"fam","9",2.181,FALSE,229,"M"
"377","B","fam",16,1,"fam","1",5,FALSE,273,"F"
"378","B","test",16,1,"fam","1",13.6627999999821,FALSE,273,"F"
"379","B","fam",16,2,"nov","1",5,FALSE,273,"F"
"380","B","test",16,2,"nov","1",6.065,FALSE,273,"F"
"381","B","fam",16,4,"fam","3",15,FALSE,273,"F"
"382","B","test",16,4,"fam","3",21.821900000006,FALSE,273,"F"
"383","B","fam",16,6,"nov","3",3.001,FALSE,273,"F"
"384","B","test",16,6,"nov","3",5.39509999999404,FALSE,273,"F"
"385","B","fam",16,3,"nov","9",5.369,FALSE,273,"F"
"386","B","test",16,3,"nov","9",9.99959999999407,FALSE,273,"F"
"387","B","test",17,6,"nov","1",4.749,FALSE,280,"F"
"388","B","fam",17,3,"nov","3",7.377,FALSE,280,"F"
"389","B","test",17,3,"nov","3",15.3081000000238,FALSE,280,"F"
"390","B","fam",17,5,"fam","3",6.098,FALSE,280,"F"
"391","B","test",17,5,"fam","3",2.30520000001788,FALSE,280,"F"
"392","B","fam",17,1,"fam","9",17.55,FALSE,280,"F"
"393","B","test",17,1,"fam","9",8.99000000000001,FALSE,280,"F"
"394","B","fam",18,4,"fam","1",3.56,FALSE,297,"F"
"395","B","test",18,4,"fam","1",6.182,FALSE,297,"F"
"396","B","fam",18,6,"nov","1",4.48,FALSE,297,"F"
"397","B","fam",18,1,"fam","9",17.55,FALSE,297,"F"
"398","B","test",18,1,"fam","9",7.48909999996427,FALSE,297,"F"
"399","B","test",18,2,"nov","9",13.4468999999761,FALSE,297,"F"
"400","B","fam",19,1,"nov","1",5,FALSE,335,"M"
"401","B","test",19,1,"nov","1",37.7893000000119,FALSE,335,"M"
"402","B","fam",19,3,"fam","1",5,FALSE,335,"M"
"403","B","test",19,3,"fam","1",5.225,FALSE,335,"M"
"404","B","fam",19,2,"fam","3",15,FALSE,335,"M"
"405","B","test",19,2,"fam","3",4.34839999997616,FALSE,335,"M"
"406","B","fam",19,4,"nov","3",15,FALSE,335,"M"
"407","B","test",19,4,"nov","3",2.805,FALSE,335,"M"
"408","B","fam",19,5,"nov","9",17.52,FALSE,335,"M"
"409","B","test",19,5,"nov","9",15.8,FALSE,335,"M"
"410","B","fam",19,6,"fam","9",24.422,FALSE,335,"M"
"411","B","test",19,6,"fam","9",16.9045999999642,FALSE,335,"M"
"412","B","fam",20,3,"nov","1",5,FALSE,333,"M"
"413","B","fam",20,5,"fam","1",5,FALSE,333,"M"
"414","B","fam",20,1,"fam","3",15,FALSE,333,"M"
"415","B","fam",20,2,"nov","3",15,FALSE,333,"M"
"416","B","fam",20,4,"fam","9",42.2,FALSE,333,"M"
"417","B","test",20,4,"fam","9",6.986,FALSE,333,"M"
"418","B","fam",20,6,"nov","9",45,FALSE,333,"M"
"419","B","test",20,6,"nov","9",50.2172,FALSE,333,"M"
"420","B","fam",21,5,"nov","1",5,FALSE,264,"M"
"421","B","test",21,5,"nov","1",10.318,FALSE,264,"M"
"422","B","fam",21,6,"fam","1",5,FALSE,264,"M"
"423","B","test",21,6,"fam","1",14.48,FALSE,264,"M"
"424","B","fam",21,1,"nov","3",15,FALSE,264,"M"
"425","B","test",21,1,"nov","3",26.7793000000715,FALSE,264,"M"
"426","B","fam",21,3,"fam","3",15,FALSE,264,"M"
"427","B","test",21,3,"fam","3",6.71020000004768,FALSE,264,"M"
"428","B","fam",21,2,"fam","9",17.215,FALSE,264,"M"
"429","B","test",21,2,"fam","9",4.135,FALSE,264,"M"
"430","B","fam",21,4,"nov","9",8.514,FALSE,264,"M"
"431","B","test",21,4,"nov","9",13.954,FALSE,264,"M"
"432","B","fam",22,1,"nov","1",5,FALSE,299,"M"
"433","B","test",22,1,"nov","1",20.8973000000715,FALSE,299,"M"
"434","B","fam",22,3,"fam","1",3.6,FALSE,299,"M"
"435","B","test",22,3,"fam","1",6.792,FALSE,299,"M"
"436","B","fam",22,2,"fam","3",13.72,FALSE,299,"M"
"437","B","test",22,2,"fam","3",27.315,FALSE,299,"M"
"438","B","fam",22,4,"nov","3",13.32,FALSE,299,"M"
"439","B","fam",22,5,"nov","9",6.944,FALSE,299,"M"
"440","B","fam",22,6,"fam","9",4.752,FALSE,299,"M"
"441","B","test",22,6,"fam","9",14.8317000000477,FALSE,299,"M"
"442","B","fam",24,4,"fam","1",5,FALSE,305,"M"
"443","B","test",24,4,"fam","1",32.0537999999999,FALSE,305,"M"
"444","B","fam",24,6,"nov","1",5,FALSE,305,"M"
"445","B","test",24,6,"nov","1",6.182,FALSE,305,"M"
"446","B","fam",24,3,"nov","3",15,FALSE,305,"M"
"447","B","test",24,3,"nov","3",8.091,FALSE,305,"M"
"448","B","fam",24,5,"fam","3",15,FALSE,305,"M"
"449","B","test",24,5,"fam","3",21.4076,FALSE,305,"M"
"450","B","fam",24,1,"fam","9",45,FALSE,305,"M"
"451","B","test",24,1,"fam","9",27.2306,FALSE,305,"M"
"452","B","fam",24,2,"nov","9",43.84,FALSE,305,"M"
"453","B","test",24,2,"nov","9",52.2719,FALSE,305,"M"
"454","B","fam",26,1,"fam","1",5,FALSE,324,"M"
"455","B","test",26,1,"fam","1",18.3461999999881,FALSE,324,"M"
"456","B","fam",26,2,"nov","1",4.04,FALSE,324,"M"
"457","B","test",26,2,"nov","1",3.724,FALSE,324,"M"
"458","B","fam",26,4,"fam","3",13.76,FALSE,324,"M"
"459","B","test",26,4,"fam","3",2.459,FALSE,324,"M"
"460","B","fam",26,6,"nov","3",10.72,FALSE,324,"M"
"461","B","test",26,6,"nov","3",4.738,FALSE,324,"M"
"462","B","fam",26,3,"nov","9",20.504,FALSE,324,"M"
"463","B","test",26,3,"nov","9",20.6783000000119,FALSE,324,"M"
"464","B","fam",26,5,"fam","9",34.4,FALSE,324,"M"
"465","B","test",26,5,"fam","9",6.38919999998814,FALSE,324,"M"
"466","B","fam",27,4,"fam","1",5,FALSE,274,"F"
"467","B","test",27,4,"fam","1",38.9518000000119,FALSE,274,"F"
"468","B","fam",27,6,"nov","1",5,FALSE,274,"F"
"469","B","test",27,6,"nov","1",10.1982000000179,FALSE,274,"F"
"470","B","fam",27,3,"nov","3",13.96,FALSE,274,"F"
"471","B","test",27,3,"nov","3",29.9397999999821,FALSE,274,"F"
"472","B","fam",27,5,"fam","3",14.48,FALSE,274,"F"
"473","B","test",27,5,"fam","3",4.4875,FALSE,274,"F"
"474","B","fam",27,1,"fam","9",44.2,FALSE,274,"F"
"475","B","fam",27,2,"nov","9",43.08,FALSE,274,"F"
"476","B","test",27,2,"nov","9",34.0525999999941,FALSE,274,"F"
"477","B","fam",28,1,"nov","1",5,FALSE,270,"F"
"478","B","test",28,1,"nov","1",7.99,FALSE,270,"F"
"479","B","test",28,3,"fam","1",11.758,FALSE,270,"F"
"480","B","fam",28,2,"fam","3",13.08,FALSE,270,"F"
"481","B","test",28,2,"fam","3",6.7455,FALSE,270,"F"
"482","B","fam",28,4,"nov","3",15,FALSE,270,"F"
"483","B","test",28,4,"nov","3",18.5235,FALSE,270,"F"
"484","B","fam",29,5,"nov","1",5,FALSE,292,"F"
"485","B","test",29,5,"nov","1",2.987,FALSE,292,"F"
"486","B","fam",29,6,"fam","1",4.76,FALSE,292,"F"
"487","B","test",29,6,"fam","1",4.867,FALSE,292,"F"
"488","B","fam",29,1,"nov","3",10.08,FALSE,292,"F"
"489","B","test",29,1,"nov","3",21.2757999999821,FALSE,292,"F"
"490","B","fam",29,3,"fam","3",15,FALSE,292,"F"
"491","B","test",29,3,"fam","3",10.4441000000238,FALSE,292,"F"
"492","B","fam",29,2,"fam","9",16.463,FALSE,292,"F"
"493","B","test",29,2,"fam","9",19.891,FALSE,292,"F"
"494","B","fam",29,4,"nov","9",24.548,FALSE,292,"F"
"495","B","test",29,4,"nov","9",6.508,FALSE,292,"F"
"496","B","fam",30,4,"fam","1",5,FALSE,300,"M"
"497","B","test",30,4,"fam","1",9.80800000000001,FALSE,300,"M"
"498","B","fam",30,6,"nov","1",5,FALSE,300,"M"
"499","B","test",30,6,"nov","1",25.9765999999941,FALSE,300,"M"
"500","B","fam",30,3,"nov","3",14.44,FALSE,300,"M"
"501","B","test",30,3,"nov","3",8.739,FALSE,300,"M"
"502","B","fam",30,5,"fam","3",14.121,FALSE,300,"M"
"503","B","test",30,5,"fam","3",5.41980000001186,FALSE,300,"M"
"504","B","fam",30,1,"fam","9",38.28,FALSE,300,"M"
"505","B","test",30,1,"fam","9",18.47,FALSE,300,"M"
"506","B","fam",30,2,"nov","9",5.28500000000001,FALSE,300,"M"
"507","B","test",30,2,"nov","9",46.805,FALSE,300,"M"
"508","B","fam",31,2,"fam","1",5,FALSE,323,"M"
"509","B","test",31,2,"fam","1",25.477,FALSE,323,"M"
"510","B","fam",31,4,"nov","1",5,FALSE,323,"M"
"511","B","test",31,4,"nov","1",8.48400000000001,FALSE,323,"M"
"512","B","fam",31,5,"nov","3",12.64,FALSE,323,"M"
"513","B","test",31,5,"nov","3",3.36220000001788,FALSE,323,"M"
"514","B","fam",31,6,"fam","3",5.539,FALSE,323,"M"
"515","B","fam",31,1,"nov","9",41.36,FALSE,323,"M"
"516","B","test",31,1,"nov","9",26.4735,FALSE,323,"M"
"517","B","fam",31,3,"fam","9",8.40200000000001,FALSE,323,"M"
"518","B","fam",32,3,"nov","1",5,FALSE,313,"M"
"519","B","test",32,3,"nov","1",16.178,FALSE,313,"M"
"520","B","fam",32,5,"fam","1",5,FALSE,313,"M"
"521","B","test",32,5,"fam","1",9.934,FALSE,313,"M"
"522","B","fam",32,1,"fam","3",14.16,FALSE,313,"M"
"523","B","fam",32,2,"nov","3",14.64,FALSE,313,"M"
"524","B","test",32,2,"nov","3",8.771,FALSE,313,"M"
"525","B","fam",32,4,"fam","9",35.726,FALSE,313,"M"
"526","B","test",32,4,"fam","9",4.406,FALSE,313,"M"
"527","B","fam",32,6,"nov","9",14.06,FALSE,313,"M"
"528","B","test",32,6,"nov","9",11.66,FALSE,313,"M"
"529","B","fam",33,2,"fam","1",5,FALSE,318,"M"
"530","B","test",33,2,"fam","1",61.0121,FALSE,318,"M"
"531","B","fam",33,4,"nov","1",5,FALSE,318,"M"
"532","B","test",33,4,"nov","1",40.6242,FALSE,318,"M"
"533","B","fam",33,5,"nov","3",15,FALSE,318,"M"
"534","B","test",33,5,"nov","3",21.2336,FALSE,318,"M"
"535","B","fam",33,6,"fam","3",15,FALSE,318,"M"
"536","B","test",33,6,"fam","3",20.3467,FALSE,318,"M"
"537","B","fam",33,1,"nov","9",43.92,FALSE,318,"M"
"538","B","test",33,1,"nov","9",60.2112,FALSE,318,"M"
"539","B","fam",33,3,"fam","9",45,FALSE,318,"M"
"540","B","test",33,3,"fam","9",45.6823,FALSE,318,"M"
"541","B","fam",34,1,"nov","1",5,FALSE,309,"M"
"542","B","fam",34,2,"fam","3",14.76,FALSE,309,"M"
"543","B","test",34,2,"fam","3",7.737,FALSE,309,"M"
"544","B","fam",34,4,"nov","3",14.56,FALSE,309,"M"
"545","B","test",34,4,"nov","3",25.5167999999523,FALSE,309,"M"
"546","B","fam",34,5,"nov","9",40.52,FALSE,309,"M"
"547","B","test",34,5,"nov","9",24.8041000000238,FALSE,309,"M"
"548","B","fam",34,6,"fam","9",42.48,FALSE,309,"M"
"549","B","test",34,6,"fam","9",9.38300000000001,FALSE,309,"M"
"550","B","fam",35,2,"fam","1",4.48,FALSE,329,"M"
"551","B","test",35,2,"fam","1",18.1169000000953,FALSE,329,"M"
"552","B","fam",35,4,"nov","1",3.48,FALSE,329,"M"
"553","B","test",35,4,"nov","1",20.856,FALSE,329,"M"
"554","B","fam",35,5,"nov","3",15,FALSE,329,"M"
"555","B","test",35,5,"nov","3",5.214,FALSE,329,"M"
"556","B","fam",35,6,"fam","3",2.012,FALSE,329,"M"
"557","B","test",35,6,"fam","3",2.532,FALSE,329,"M"
"558","B","fam",35,1,"nov","9",41.24,FALSE,329,"M"
"559","B","test",35,1,"nov","9",23.59,FALSE,329,"M"
"560","B","fam",35,3,"fam","9",9.272,FALSE,329,"M"
"561","B","test",35,3,"fam","9",6.192,FALSE,329,"M"
"562","C","fam",1,1,"fam","2",2.071,FALSE,293,"F"
"563","C","test",1,1,"fam","2",8.636,FALSE,293,"F"
"564","C","fam",1,2,"nov","2",7.789,FALSE,293,"F"
"565","C","test",1,2,"nov","2",21.395,FALSE,293,"F"
"566","C","fam",1,4,"fam","4",16.882,FALSE,293,"F"
"567","C","test",1,4,"fam","4",19.144,FALSE,293,"F"
"568","C","fam",1,6,"nov","4",15.446,FALSE,293,"F"
"569","C","test",1,6,"nov","4",15.497,FALSE,293,"F"
"570","C","fam",1,3,"nov","6",20.221,FALSE,293,"F"
"571","C","test",1,3,"nov","6",21.745,FALSE,293,"F"
"572","C","fam",1,5,"fam","6",29.999,FALSE,293,"F"
"573","C","test",1,5,"fam","6",10.468,FALSE,293,"F"
"574","C","fam",2,4,"fam","4",19.483,FALSE,224,"M"
"575","C","test",2,4,"fam","4",4.87,FALSE,224,"M"
"576","C","fam",2,6,"nov","4",2.968,FALSE,224,"M"
"577","C","fam",2,3,"nov","6",29.524,FALSE,224,"M"
"578","C","test",2,3,"nov","6",30.861,FALSE,224,"M"
"579","C","fam",2,5,"fam","6",11.617,FALSE,224,"M"
"580","C","test",2,5,"fam","6",7.518,FALSE,224,"M"
"581","C","fam",3,3,"fam","2",9.999,FALSE,269,"F"
"582","C","test",3,3,"fam","2",11.5,FALSE,269,"F"
"583","C","fam",3,4,"nov","4",19.002,FALSE,269,"F"
"584","C","test",3,4,"nov","4",16.662,FALSE,269,"F"
"585","C","fam",3,5,"nov","6",16.283,FALSE,269,"F"
"586","C","test",3,5,"nov","6",13.805,FALSE,269,"F"
"587","C","fam",3,6,"fam","6",10.825,FALSE,269,"F"
"588","C","test",3,6,"fam","6",5.511,FALSE,269,"F"
"589","C","fam",4,4,"fam","2",6.803,FALSE,275,"F"
"590","C","test",4,4,"fam","2",7.287,FALSE,275,"F"
"591","C","fam",4,6,"nov","2",9.999,FALSE,275,"F"
"592","C","test",4,6,"nov","2",10.185,FALSE,275,"F"
"593","C","fam",4,3,"nov","4",17.418,FALSE,275,"F"
"594","C","test",4,3,"nov","4",8.265,FALSE,275,"F"
"595","C","fam",4,5,"fam","4",9.82999999999998,FALSE,275,"F"
"596","C","test",4,5,"fam","4",19.173,FALSE,275,"F"
"597","C","fam",4,1,"fam","6",27.966,FALSE,275,"F"
"598","C","test",4,1,"fam","6",27.751,FALSE,275,"F"
"599","C","fam",4,2,"nov","6",25.594,FALSE,275,"F"
"600","C","test",4,2,"nov","6",16.788,FALSE,275,"F"
"601","C","test",5,3,"nov","2",19.831,FALSE,286,"F"
"602","C","fam",5,5,"fam","2",8.139,FALSE,286,"F"
"603","C","test",5,5,"fam","2",4.562,FALSE,286,"F"
"604","C","fam",5,1,"fam","4",19.682,FALSE,286,"F"
"605","C","test",5,1,"fam","4",26.472,FALSE,286,"F"
"606","C","fam",5,4,"fam","6",20.239,FALSE,286,"F"
"607","C","fam",5,6,"nov","6",15.475,FALSE,286,"F"
"608","C","test",5,6,"nov","6",5.548,FALSE,286,"F"
"609","C","fam",6,2,"fam","2",9.999,FALSE,293,"M"
"610","C","test",6,2,"fam","2",20.1,FALSE,293,"M"
"611","C","fam",6,4,"nov","2",9.68,FALSE,293,"M"
"612","C","test",6,4,"nov","2",17.448,FALSE,293,"M"
"613","C","fam",6,5,"nov","4",13.885,FALSE,293,"M"
"614","C","test",6,5,"nov","4",3.275,FALSE,293,"M"
"615","C","fam",6,6,"fam","4",5.993,FALSE,293,"M"
"616","C","test",6,6,"fam","4",5.475,FALSE,293,"M"
"617","C","fam",6,1,"nov","6",29.999,FALSE,293,"M"
"618","C","test",6,1,"nov","6",23.799,FALSE,293,"M"
"619","C","fam",6,3,"fam","6",29.999,FALSE,293,"M"
"620","C","test",6,3,"fam","6",4.222,FALSE,293,"M"
"621","C","fam",7,3,"nov","2",9.999,FALSE,297,"F"
"622","C","fam",7,1,"fam","4",16.562,FALSE,297,"F"
"623","C","test",7,1,"fam","4",9.128,FALSE,297,"F"
"624","C","fam",7,2,"nov","4",19.64,FALSE,297,"F"
"625","C","test",7,2,"nov","4",37.077,FALSE,297,"F"
"626","C","fam",7,4,"fam","6",29.121,FALSE,297,"F"
"627","C","test",7,4,"fam","6",14.046,FALSE,297,"F"
"628","C","fam",7,6,"nov","6",29.999,FALSE,297,"F"
"629","C","test",7,6,"nov","6",26.105,FALSE,297,"F"
"630","C","fam",8,5,"nov","2",8.808,FALSE,269,"M"
"631","C","test",8,5,"nov","2",6.58,FALSE,269,"M"
"632","C","fam",8,6,"fam","2",2.104,FALSE,269,"M"
"633","C","test",8,6,"fam","2",2.187,FALSE,269,"M"
"634","C","fam",8,1,"nov","4",19.999,FALSE,269,"M"
"635","C","test",8,1,"nov","4",14.805,FALSE,269,"M"
"636","C","fam",8,3,"fam","4",10.772,FALSE,269,"M"
"637","C","fam",8,2,"fam","6",12.694,FALSE,269,"M"
"638","C","test",8,2,"fam","6",5.133,FALSE,269,"M"
"639","C","fam",8,4,"nov","6",15.267,FALSE,269,"M"
"640","C","test",8,4,"nov","6",4.162,FALSE,269,"M"
"641","C","fam",9,4,"fam","2",9.999,FALSE,301,"F"
"642","C","test",9,4,"fam","2",10.537,FALSE,301,"F"
"643","C","fam",9,6,"nov","2",9.999,FALSE,301,"F"
"644","C","test",9,6,"nov","2",6.691,FALSE,301,"F"
"645","C","fam",9,3,"nov","4",19.999,FALSE,301,"F"
"646","C","test",9,3,"nov","4",9.331,FALSE,301,"F"
"647","C","fam",9,5,"fam","4",17.891,FALSE,301,"F"
"648","C","test",9,5,"fam","4",5.239,FALSE,301,"F"
"649","C","fam",9,1,"fam","6",13.671,FALSE,301,"F"
"650","C","test",9,1,"fam","6",17.257,FALSE,301,"F"
"651","C","fam",9,2,"nov","6",25.336,FALSE,301,"F"
"652","C","test",9,2,"nov","6",19.038,FALSE,301,"F"
"653","C","test",10,2,"fam","2",10.184,FALSE,245,"F"
"654","C","fam",10,5,"nov","4",14.59,FALSE,245,"F"
"655","C","test",10,5,"nov","4",14.674,FALSE,245,"F"
"656","C","fam",10,6,"fam","4",13.568,FALSE,245,"F"
"657","C","test",10,6,"fam","4",19.091,FALSE,245,"F"
"658","C","fam",10,1,"nov","6",4.441,FALSE,245,"F"
"659","C","test",10,1,"nov","6",8.739,FALSE,245,"F"
"660","C","fam",10,3,"fam","6",28.417,FALSE,245,"F"
"661","C","test",10,3,"fam","6",10.176,FALSE,245,"F"
"662","C","fam",11,1,"nov","2",9.999,FALSE,323,"M"
"663","C","test",11,1,"nov","2",22.955,FALSE,323,"M"
"664","C","fam",11,3,"fam","2",9.841,FALSE,323,"M"
"665","C","test",11,3,"fam","2",7.612,FALSE,323,"M"
"666","C","fam",11,2,"fam","4",19.92,FALSE,323,"M"
"667","C","test",11,2,"fam","4",22.54,FALSE,323,"M"
"668","C","fam",11,4,"nov","4",19.164,FALSE,323,"M"
"669","C","test",11,4,"nov","4",44.424,FALSE,323,"M"
"670","C","fam",11,5,"nov","6",29.483,FALSE,323,"M"
"671","C","test",11,5,"nov","6",16.412,FALSE,323,"M"
"672","C","fam",11,6,"fam","6",17.718,FALSE,323,"M"
"673","C","test",11,6,"fam","6",3.808,FALSE,323,"M"
"674","C","fam",12,2,"nov","2",9.999,FALSE,245,"F"
"675","C","test",12,2,"nov","2",35.765,FALSE,245,"F"
"676","C","fam",12,4,"fam","4",18.251,FALSE,245,"F"
"677","C","test",12,4,"fam","4",7.609,FALSE,245,"F"
"678","C","fam",12,6,"nov","4",16.211,FALSE,245,"F"
"679","C","test",12,6,"nov","4",6.058,FALSE,245,"F"
"680","C","fam",12,3,"nov","6",28.481,FALSE,245,"F"
"681","C","test",12,3,"nov","6",20.943,FALSE,245,"F"
"682","C","fam",12,5,"fam","6",26.052,FALSE,245,"F"
"683","C","test",12,5,"fam","6",28.739,FALSE,245,"F"
"684","C","fam",13,5,"nov","2",3.181,FALSE,291,"M"
"685","C","test",13,6,"fam","2",2.173,FALSE,291,"M"
"686","C","fam",13,1,"nov","4",8.12699999999999,FALSE,291,"M"
"687","C","test",13,1,"nov","4",7.472,FALSE,291,"M"
"688","C","fam",13,3,"fam","4",2.606,FALSE,291,"M"
"689","C","test",13,3,"fam","4",13.39,FALSE,291,"M"
"690","C","fam",13,2,"fam","6",13.886,FALSE,291,"M"
"691","C","test",13,2,"fam","6",20.354,FALSE,291,"M"
"692","C","test",13,4,"nov","6",2.46,FALSE,291,"M"
"693","C","fam",14,4,"fam","2",5.848,FALSE,226,"F"
"694","C","test",14,4,"fam","2",5.604,FALSE,226,"F"
"695","C","fam",14,6,"nov","2",4.352,FALSE,226,"F"
"696","C","test",14,6,"nov","2",4.357,FALSE,226,"F"
"697","C","fam",14,3,"nov","4",16.669,FALSE,226,"F"
"698","C","fam",14,5,"fam","4",13.712,FALSE,226,"F"
"699","C","test",14,5,"fam","4",2.084,FALSE,226,"F"
"700","C","fam",14,1,"fam","6",27.634,FALSE,226,"F"
"701","C","test",14,1,"fam","6",20.084,FALSE,226,"F"
"702","C","fam",14,2,"nov","6",13.483,FALSE,226,"F"
"703","C","test",14,2,"nov","6",18.775,FALSE,226,"F"
"704","C","fam",15,2,"fam","2",5.88,FALSE,309,"F"
"705","C","test",15,2,"fam","2",4.003,FALSE,309,"F"
"706","C","fam",15,4,"nov","2",9.602,FALSE,309,"F"
"707","C","fam",15,3,"fam","6",6.324,FALSE,309,"F"
"708","C","test",15,3,"fam","6",2.797,FALSE,309,"F"
"709","C","fam",16,3,"nov","2",7.723,FALSE,233,"M"
"710","C","test",16,3,"nov","2",4.851,FALSE,233,"M"
"711","C","fam",16,5,"fam","2",8.282,FALSE,233,"M"
"712","C","test",16,5,"fam","2",10.484,FALSE,233,"M"
"713","C","fam",16,1,"fam","4",17.77,FALSE,233,"M"
"714","C","test",16,1,"fam","4",15.563,FALSE,233,"M"
"715","C","fam",16,2,"nov","4",14.552,FALSE,233,"M"
"716","C","test",16,2,"nov","4",7.923,FALSE,233,"M"
"717","C","fam",16,4,"fam","6",5.44499999999999,FALSE,233,"M"
"718","C","test",16,4,"fam","6",6.126,FALSE,233,"M"
"719","C","fam",16,6,"nov","6",6.331,FALSE,233,"M"
"720","C","test",16,6,"nov","6",10.152,FALSE,233,"M"
"721","C","fam",17,3,"fam","2",9.999,FALSE,313,"F"
"722","C","test",17,3,"fam","2",14.036,FALSE,313,"F"
"723","C","fam",17,2,"fam","4",19.999,FALSE,313,"F"
"724","C","test",17,2,"fam","4",14.449,FALSE,313,"F"
"725","C","fam",17,4,"nov","4",12.796,FALSE,313,"F"
"726","C","test",17,4,"nov","4",19.636,FALSE,313,"F"
"727","C","fam",17,5,"nov","6",28.04,FALSE,313,"F"
"728","C","test",17,5,"nov","6",5.209,FALSE,313,"F"
"729","C","fam",17,6,"fam","6",20.672,FALSE,313,"F"
"730","C","test",17,6,"fam","6",47.523,FALSE,313,"F"
"731","C","fam",18,2,"fam","2",9.999,FALSE,257,"M"
"732","C","test",18,2,"fam","2",41.729,FALSE,257,"M"
"733","C","fam",18,4,"nov","2",9.999,FALSE,257,"M"
"734","C","test",18,4,"nov","2",25.596,FALSE,257,"M"
"735","C","fam",18,5,"nov","4",17.921,FALSE,257,"M"
"736","C","test",18,5,"nov","4",7.152,FALSE,257,"M"
"737","C","fam",18,6,"fam","4",17.902,FALSE,257,"M"
"738","C","fam",18,3,"fam","6",29.56,FALSE,257,"M"
"739","C","test",18,3,"fam","6",22.76,FALSE,257,"M"
"740","C","fam",19,3,"nov","2",7.21,FALSE,258,"F"
"741","C","fam",19,5,"fam","2",4.031,FALSE,258,"F"
"742","C","test",19,5,"fam","2",7.123,FALSE,258,"F"
"743","C","fam",19,4,"fam","6",5.60799999999999,FALSE,258,"F"
"744","C","test",19,4,"fam","6",4.415,FALSE,258,"F"
"745","C","test",19,6,"nov","6",9.716,FALSE,258,"F"
"746","C","fam",20,1,"fam","2",9.999,FALSE,253,"F"
"747","C","test",20,1,"fam","2",14.277,FALSE,253,"F"
"748","C","fam",20,2,"nov","2",9.72,FALSE,253,"F"
"749","C","test",20,2,"nov","2",8.662,FALSE,253,"F"
"750","C","fam",20,4,"fam","4",19.603,FALSE,253,"F"
"751","C","test",20,4,"fam","4",15.024,FALSE,253,"F"
"752","C","fam",20,6,"nov","4",19.999,FALSE,253,"F"
"753","C","test",20,6,"nov","4",6.709,FALSE,253,"F"
"754","C","fam",20,3,"nov","6",28.922,FALSE,253,"F"
"755","C","test",20,3,"nov","6",18.96,FALSE,253,"F"
"756","C","fam",20,5,"fam","6",29.603,FALSE,253,"F"
"757","C","test",20,5,"fam","6",34.541,FALSE,253,"F"
"758","C","fam",21,5,"nov","2",9.005,FALSE,239,"M"
"759","C","test",21,5,"nov","2",6.706,FALSE,239,"M"
"760","C","fam",21,6,"fam","2",9.123,FALSE,239,"M"
"761","C","test",21,6,"fam","2",16.083,FALSE,239,"M"
"762","C","fam",21,1,"nov","4",16.489,FALSE,239,"M"
"763","C","test",21,1,"nov","4",9.29799999999999,FALSE,239,"M"
"764","C","fam",21,3,"fam","4",19.48,FALSE,239,"M"
"765","C","test",21,3,"fam","4",18.67,FALSE,239,"M"
"766","C","fam",21,2,"fam","6",20.901,FALSE,239,"M"
"767","C","test",21,2,"fam","6",14.973,FALSE,239,"M"
"768","C","fam",21,4,"nov","6",21.135,FALSE,239,"M"
"769","C","test",21,4,"nov","6",5.308,FALSE,239,"M"
"770","C","fam",22,1,"fam","2",8.449,FALSE,308,"M"
"771","C","test",22,1,"fam","2",14.678,FALSE,308,"M"
"772","C","fam",22,2,"nov","2",7.358,FALSE,308,"M"
"773","C","test",22,2,"nov","2",2.008,FALSE,308,"M"
"774","C","fam",22,4,"fam","4",3.05299999999999,FALSE,308,"M"
"775","C","test",22,4,"fam","4",2.193,FALSE,308,"M"
"776","C","fam",22,6,"nov","4",3.555,FALSE,308,"M"
"777","C","test",22,6,"nov","4",4.82,FALSE,308,"M"
"778","C","fam",22,3,"nov","6",10.201,FALSE,308,"M"
"779","C","fam",22,5,"fam","6",6.847,FALSE,308,"M"
"780","C","fam",23,5,"nov","2",9.999,FALSE,294,"F"
"781","C","test",23,5,"nov","2",32.521,FALSE,294,"F"
"782","C","fam",23,6,"fam","2",8.644,FALSE,294,"F"
"783","C","test",23,6,"fam","2",48.588,FALSE,294,"F"
"784","C","fam",23,1,"nov","4",19.52,FALSE,294,"F"
"785","C","test",23,1,"nov","4",18.985,FALSE,294,"F"
"786","C","fam",23,3,"fam","4",19.999,FALSE,294,"F"
"787","C","test",23,3,"fam","4",13.897,FALSE,294,"F"
"788","C","fam",23,2,"fam","6",29.88,FALSE,294,"F"
"789","C","test",23,2,"fam","6",33.315,FALSE,294,"F"
"790","C","fam",23,4,"nov","6",25.974,FALSE,294,"F"
"791","C","test",23,4,"nov","6",50.219,FALSE,294,"F"
"792","C","fam",24,4,"fam","2",9.999,FALSE,261,"M"
"793","C","test",24,4,"fam","2",13.901,FALSE,261,"M"
"794","C","fam",24,6,"nov","2",8.604,FALSE,261,"M"
"795","C","test",24,6,"nov","2",20.643,FALSE,261,"M"
"796","C","fam",24,3,"nov","4",8.72,FALSE,261,"M"
"797","C","test",24,3,"nov","4",2.317,FALSE,261,"M"
"798","C","fam",24,5,"fam","4",19.999,FALSE,261,"M"
"799","C","test",24,5,"fam","4",18.588,FALSE,261,"M"
"800","C","fam",24,1,"fam","6",29.999,FALSE,261,"M"
"801","C","test",24,1,"fam","6",35.209,FALSE,261,"M"
"802","C","fam",24,2,"nov","6",29.999,FALSE,261,"M"
"803","C","test",24,2,"nov","6",8.749,FALSE,261,"M"
"804","C","test",27,1,"nov","2",2.71,FALSE,303,"M"
"805","C","fam",27,3,"fam","2",9.999,FALSE,303,"M"
"806","C","test",27,3,"fam","2",8.534,FALSE,303,"M"
"807","C","fam",27,2,"fam","4",19.999,FALSE,303,"M"
"808","C","test",27,2,"fam","4",20.018,FALSE,303,"M"
"809","C","fam",28,2,"fam","2",9.999,FALSE,302,"M"
"810","C","test",28,2,"fam","2",6.383,FALSE,302,"M"
"811","C","fam",28,4,"nov","2",9.999,FALSE,302,"M"
"812","C","test",28,4,"nov","2",8.752,FALSE,302,"M"
"813","C","fam",28,5,"nov","4",18.483,FALSE,302,"M"
"814","C","test",28,5,"nov","4",9.88,FALSE,302,"M"
"815","C","fam",28,6,"fam","4",10.464,FALSE,302,"M"
"816","C","test",28,6,"fam","4",3.101,FALSE,302,"M"
"817","C","fam",28,1,"nov","6",27.793,FALSE,302,"M"
"818","C","test",28,1,"nov","6",22.897,FALSE,302,"M"
"819","C","fam",28,3,"fam","6",22.394,FALSE,302,"M"
"820","C","test",28,3,"fam","6",4.81,FALSE,302,"M"
"821","C","fam",29,4,"fam","4",19.999,FALSE,297,"F"
"822","C","test",29,4,"fam","4",22.579,FALSE,297,"F"
"823","C","fam",29,3,"nov","6",29.92,FALSE,297,"F"
"824","C","test",29,3,"nov","6",24.025,FALSE,297,"F"
"825","C","fam",29,5,"fam","6",28.881,FALSE,297,"F"
"826","C","test",29,5,"fam","6",7.246,FALSE,297,"F"
"827","C","fam",30,1,"nov","2",9.999,FALSE,231,"M"
"828","C","test",30,1,"nov","2",29.645,FALSE,231,"M"
"829","C","fam",30,3,"fam","2",8.56,FALSE,231,"M"
"830","C","test",30,3,"fam","2",23.298,FALSE,231,"M"
"831","C","fam",30,2,"fam","4",18.845,FALSE,231,"M"
"832","C","test",30,2,"fam","4",15.359,FALSE,231,"M"
"833","C","fam",30,4,"nov","4",17.303,FALSE,231,"M"
"834","C","test",30,4,"nov","4",6.114,FALSE,231,"M"
"835","C","fam",30,5,"nov","6",26.005,FALSE,231,"M"
"836","C","test",30,5,"nov","6",3.072,FALSE,231,"M"
"837","C","fam",30,6,"fam","6",25.803,FALSE,231,"M"
"838","C","test",30,6,"fam","6",7.381,FALSE,231,"M"
"839","C","fam",31,3,"nov","2",6.577,FALSE,252,"M"
"840","C","test",31,3,"nov","2",10.754,FALSE,252,"M"
"841","C","fam",31,5,"fam","2",9.999,FALSE,252,"M"
"842","C","test",31,5,"fam","2",12.023,FALSE,252,"M"
"843","C","fam",31,1,"fam","4",15.846,FALSE,252,"M"
"844","C","test",31,1,"fam","4",9.319,FALSE,252,"M"
"845","C","fam",31,4,"fam","6",24.978,FALSE,252,"M"
"846","C","test",31,4,"fam","6",6.336,FALSE,252,"M"
"847","C","fam",31,6,"nov","6",24.049,FALSE,252,"M"
"848","C","test",31,6,"nov","6",7.827,FALSE,252,"M"
"849","C","test",32,5,"nov","2",9.811,FALSE,275,"M"
"850","C","fam",32,6,"fam","2",9.241,FALSE,275,"M"
"851","C","test",32,6,"fam","2",4.62,FALSE,275,"M"
"852","C","fam",32,3,"fam","4",18.841,FALSE,275,"M"
"853","C","test",32,3,"fam","4",5.681,FALSE,275,"M"
"854","C","fam",32,2,"fam","6",26.644,FALSE,275,"M"
"855","C","test",32,2,"fam","6",9.985,FALSE,275,"M"
"856","C","fam",32,4,"nov","6",14.998,FALSE,275,"M"
"857","C","test",32,4,"nov","6",8.436,FALSE,275,"M"
"858","C","fam",33,4,"fam","2",9.202,FALSE,270,"F"
"859","C","test",33,4,"fam","2",22.645,FALSE,270,"F"
"860","C","fam",33,6,"nov","2",9.999,FALSE,270,"F"
"861","C","test",33,6,"nov","2",13.996,FALSE,270,"F"
"862","C","fam",33,3,"nov","4",19.999,FALSE,270,"F"
"863","C","test",33,3,"nov","4",14.5,FALSE,270,"F"
"864","C","fam",33,5,"fam","4",19.761,FALSE,270,"F"
"865","C","test",33,5,"fam","4",13.94,FALSE,270,"F"
"866","C","fam",33,2,"nov","6",29.999,FALSE,270,"F"
"867","C","test",33,2,"nov","6",27.816,FALSE,270,"F"
